maxrad,minrad,meanrad,maxdur,mindur,meandur,maxwind,minwind,meanwind,elevation,energy
25.81,6.57,16.2,46292.76,19656.03,32348.78,25.17,17.07,20.94,3.0,solar
27.56,9.71,19.33,48016.62,27497.76,37974.63,11.8,7.48,9.33,242.0,solar
23.93,9.35,17.07,44625.54,24683.72,33458.01,23.12,16.65,19.92,4.0,solar
21.96,2.05,11.7,45855.83,8227.7,26112.71,34.76,20.25,25.88,186.0,solar
23.08,3.51,13.71,43405.83,9771.45,26862.09,21.69,11.1,16.13,157.0,solar
25.5,2.92,14.97,49927.27,7969.77,31507.7,30.65,18.32,23.87,25.0,solar
27.1,6.91,17.36,48214.82,20244.26,35675.78,23.98,10.37,15.9,656.0,solar
21.39,1.89,11.51,46155.97,7614.29,26349.96,35.68,16.97,25.95,103.0,solar
25.09,6.55,16.01,47539.47,18714.05,31876.93,24.88,16.68,20.38,29.0,solar
23.45,5.31,14.61,42384.35,14038.12,29176.42,28.43,17.63,23.17,458.0,solar
28.54,11.02,20.22,45561.6,30114.67,38054.61,16.05,9.94,13.47,67.0,solar
25.95,15.59,20.14,41854.39,22746.47,33977.25,28.34,13.64,18.19,603.0,solar
20.02,1.53,10.72,41122.12,6179.09,23904.93,35.37,16.36,24.25,144.0,solar
24.02,6.05,14.71,42612.73,16060.4,29212.73,24.13,17.04,19.78,72.0,solar
26.53,7.22,17.34,48093.68,24529.67,36665.42,17.87,10.4,15.56,62.0,solar
26.06,6.93,16.19,46996.41,20318.02,32299.65,33.18,23.04,27.19,4.0,solar
27.68,13.13,21.47,45545.51,32762.57,39390.17,31.65,12.25,17.92,215.0,solar
29.28,6.86,18.72,49043.17,18679.16,35926.17,18.53,12.13,15.46,7.0,solar
27.96,7.35,17.58,45366.98,21053.53,34054.55,23.52,15.44,18.43,341.0,solar
22.6,7.08,17.08,40173.45,0.0,29893.81,8.8,5.46,7.35,165.0,solar
28.22,6.73,17.84,46800.0,19836.89,34544.94,22.03,13.14,16.6,246.0,solar
29.2,8.56,19.56,48859.25,23403.38,37300.02,14.05,7.53,10.7,60.0,solar
24.61,8.43,17.19,43202.11,22911.81,33540.26,20.78,12.17,15.68,234.0,solar
23.42,9.5,15.74,45662.81,21682.81,30911.72,28.45,13.07,21.89,6.0,solar
23.3,11.47,17.75,40855.59,23969.75,34677.92,17.75,9.58,14.19,212.0,solar
23.76,5.76,14.8,43203.23,14878.47,29947.93,23.94,14.84,20.17,11.0,solar
24.99,6.19,15.62,47912.98,16498.04,31206.88,23.14,13.6,19.14,37.0,solar
22.83,9.06,18.07,38577.61,5779.31,33609.32,25.92,14.55,18.59,300.0,solar
30.89,9.93,20.89,48485.42,25769.37,37952.46,24.71,11.33,18.46,801.0,solar
20.4,1.79,10.75,45241.58,8849.81,24707.49,33.18,18.24,25.06,66.0,solar
21.73,2.39,12.3,43808.17,10803.79,28059.4,25.93,17.16,21.06,271.0,solar
24.15,4.46,14.63,47070.88,16307.5,31692.79,18.99,9.31,13.62,200.0,solar
25.57,14.23,20.18,41383.51,18494.88,34209.36,33.55,16.77,21.2,574.0,solar
26.08,6.65,16.73,48049.31,23853.77,35765.35,16.57,9.94,13.15,22.0,solar
23.05,10.78,18.46,38897.03,10956.93,34117.8,29.31,16.56,20.52,245.0,solar
23.2,11.1,18.58,39355.23,11355.0,34217.7,29.37,16.11,20.48,232.0,solar
23.81,6.16,17.96,41399.75,156.1,32308.03,28.44,12.83,16.71,417.0,solar
29.58,7.28,19.03,48657.27,18576.94,36128.69,15.6,8.66,11.95,1244.0,solar
19.29,1.33,9.98,39709.24,7250.7,23761.05,31.09,17.07,23.43,16.0,solar
28.26,7.18,17.87,46805.43,21078.71,34339.99,21.29,11.73,15.68,401.0,solar
25.29,8.06,16.69,46105.81,22920.05,33105.53,24.92,18.0,20.82,30.0,solar
27.25,10.43,18.43,46295.87,26199.1,34177.62,29.88,18.89,24.19,203.0,solar
27.81,8.53,18.87,47993.3,26189.89,37485.15,22.51,13.82,18.06,392.0,solar
25.07,11.68,19.07,43095.74,23948.96,34253.03,26.31,18.02,21.56,366.0,solar
22.62,2.09,11.93,46011.4,9771.84,27162.14,36.69,18.32,26.59,38.0,solar
25.35,9.05,15.99,45219.48,23982.45,31063.12,21.82,9.67,18.19,132.0,solar
21.94,2.46,12.17,46824.39,10780.9,28118.69,34.84,20.52,26.63,94.0,solar
24.26,14.14,19.77,41963.07,26956.66,35508.52,21.58,11.22,14.67,53.0,solar
24.61,4.86,15.0,45789.34,13032.42,30006.42,26.53,11.48,21.41,543.0,solar
21.68,2.14,11.89,49798.6,10116.31,28200.37,36.47,18.35,26.48,37.0,solar
21.92,2.43,11.87,47840.18,10613.06,27045.87,37.54,20.86,27.79,35.0,solar
21.07,2.24,11.63,41449.8,9213.42,25928.77,35.38,19.59,26.11,86.0,solar
29.61,12.05,21.35,46222.03,30018.59,38895.83,20.51,11.84,15.67,1357.0,solar
24.14,13.05,19.64,44474.47,31138.78,38010.87,28.07,13.35,23.02,1.0,solar
23.51,11.33,18.53,40478.34,12246.77,32598.48,28.94,16.63,19.96,625.0,solar
21.3,1.9,11.17,48263.73,7362.21,25326.89,31.91,18.28,23.78,27.0,solar
22.9,12.98,18.6,39835.06,13794.15,32276.85,31.41,16.35,19.91,653.0,solar
21.26,1.79,11.76,42817.17,6913.85,26723.63,27.97,15.44,21.17,134.0,solar
24.01,5.71,14.71,42534.79,17231.57,29316.56,27.63,19.93,22.47,15.0,solar
22.58,2.05,11.99,48388.59,8137.22,27063.3,36.08,20.03,26.16,11.0,solar
27.72,8.65,18.64,47669.78,25129.22,36508.36,22.38,13.3,16.84,713.0,solar
24.1,13.2,19.23,40441.09,12857.03,32895.39,25.05,14.56,17.08,359.0,solar
24.32,7.52,15.44,46218.31,19610.68,29287.71,26.72,14.61,22.23,3.0,solar
24.76,8.54,16.89,45099.38,22466.28,33267.52,22.55,14.37,17.94,165.0,solar
23.14,11.0,17.32,41108.91,23035.23,34145.0,18.18,8.45,13.54,197.0,solar
25.14,8.88,16.55,40282.64,20556.55,31240.4,39.6,19.97,24.92,51.0,solar
24.88,10.88,18.36,43940.45,23516.93,34036.36,26.29,9.87,18.63,42.0,solar
23.14,12.81,18.46,40116.39,9550.81,32474.63,30.87,14.28,19.25,566.0,solar
20.2,1.81,10.82,46705.93,7336.84,24398.4,34.63,19.7,25.7,353.0,solar
22.99,2.06,11.86,43441.19,9279.72,26260.12,40.03,22.45,29.03,70.0,solar
25.74,7.5,16.41,47323.74,20992.15,32779.14,24.25,17.38,20.34,5.0,solar
24.06,7.02,17.72,41950.45,4444.87,32256.44,21.74,13.89,17.63,525.0,solar
22.11,5.51,14.4,44625.46,15684.98,28144.64,17.09,4.27,11.52,426.0,solar
24.1,13.2,19.23,40441.09,12857.03,32895.39,25.05,14.56,17.08,371.0,solar
23.85,9.32,18.19,40876.25,4743.84,31928.09,17.86,10.49,15.2,30.0,solar
23.51,7.66,17.64,40392.39,253.8,30942.19,14.5,7.64,11.25,36.0,solar
30.63,10.14,20.91,48444.4,27283.35,38352.59,27.67,11.24,20.0,739.0,solar
24.03,5.16,15.45,46061.84,15990.88,31932.69,31.14,18.41,24.07,328.0,solar
24.04,8.13,14.92,45239.68,24286.09,29845.37,16.1,7.9,11.82,353.0,solar
23.58,5.76,14.88,43521.9,15470.43,30167.39,22.23,13.42,18.44,76.0,solar
30.03,11.28,21.34,46815.52,30884.15,39028.58,36.0,19.27,26.24,812.0,solar
21.2,5.76,13.55,37519.76,17630.63,27484.86,25.9,5.78,18.12,61.0,solar
24.53,15.39,19.93,41229.28,26539.62,35066.37,26.22,11.69,16.93,135.0,solar
23.12,11.25,17.36,40964.27,21356.32,33960.84,18.44,8.8,13.83,189.0,solar
26.42,8.48,15.84,45898.03,20891.53,29465.05,14.32,7.76,11.62,162.0,solar
28.44,10.9,20.26,45977.25,27642.76,38017.93,17.09,10.89,14.45,214.0,solar
26.84,7.76,18.44,46892.62,23762.59,35878.11,25.42,17.88,21.12,1197.0,solar
23.62,5.92,16.07,43284.37,13559.04,31739.31,24.73,13.66,19.8,215.0,solar
30.89,9.93,20.89,48485.42,25769.37,37952.46,24.71,11.33,18.46,833.0,solar
28.38,10.87,20.57,45843.59,27628.6,38078.2,19.67,11.32,15.27,1986.0,solar
26.27,6.1,16.73,48026.31,20512.33,35129.33,16.39,7.17,11.36,73.0,solar
22.97,4.93,14.28,42355.53,13328.98,28299.58,24.62,12.51,19.5,346.0,solar
20.88,1.91,11.16,46208.39,8447.7,25624.78,32.55,18.37,24.27,34.0,solar
31.26,10.24,21.59,48683.63,27041.91,38882.95,16.04,9.49,12.07,1129.0,solar
20.98,1.52,10.59,43402.55,6692.74,24275.51,35.49,18.05,25.59,53.0,solar
21.36,1.95,11.7,46621.12,8129.15,26587.6,36.35,18.46,26.33,60.0,solar
22.07,1.9,11.32,45261.87,8119.66,25587.67,35.71,18.39,25.83,126.0,solar
22.63,8.6,14.89,45090.13,24419.99,29957.0,16.53,6.64,12.36,205.0,solar
19.59,5.89,13.67,34419.27,21607.69,28726.97,26.07,18.62,22.51,5.0,solar
29.38,5.48,18.03,49429.95,13583.96,34356.93,18.47,11.71,14.6,1240.0,solar
20.88,1.81,10.68,44582.57,8592.25,23868.45,32.11,18.19,23.81,98.0,solar
24.64,8.5,17.18,44045.98,22872.96,33401.75,22.78,13.69,17.61,259.0,solar
24.36,12.53,18.32,40730.88,9062.37,31725.13,18.9,10.48,13.51,87.0,solar
24.81,6.29,15.2,44973.76,16195.3,30487.72,25.31,17.7,21.08,19.0,solar
25.41,18.73,21.43,41067.43,30169.59,36618.97,30.58,16.23,23.1,37.0,solar
27.24,9.18,18.76,47452.4,24977.26,37053.98,22.3,11.07,15.46,141.0,solar
24.16,13.42,19.36,41690.25,15509.87,33923.41,35.76,12.4,19.28,810.0,solar
23.89,14.22,18.49,41008.3,16355.56,32201.65,20.22,10.19,14.5,5.0,solar
25.11,4.57,14.89,48067.66,15383.74,32025.9,15.32,8.8,12.76,8.0,solar
23.85,8.85,15.42,43306.28,22766.53,29773.37,19.01,6.22,14.95,506.0,solar
25.48,7.31,16.27,46693.62,20272.01,32141.91,24.52,17.24,20.63,11.0,solar
23.03,4.96,15.1,42833.88,15676.38,31120.07,27.42,16.92,21.84,275.0,solar
24.35,6.09,15.17,44163.63,16529.25,29961.32,23.22,14.36,18.95,9.0,solar
25.76,8.78,15.82,45971.0,21691.44,30233.1,20.82,7.44,16.74,4.0,solar
30.64,12.83,21.87,44818.85,32188.53,38708.8,27.64,21.62,24.97,941.0,solar
21.98,1.79,11.16,46462.84,8281.36,25399.82,36.54,19.02,26.44,98.0,solar
29.44,10.81,20.57,46903.92,29447.79,38468.95,11.42,7.59,10.0,-198.0,solar
23.15,5.17,14.8,44146.33,15469.94,30195.06,21.87,12.5,17.62,211.0,solar
29.0,14.45,21.99,44106.07,28280.94,37961.18,23.02,14.19,17.82,1273.0,solar
25.32,15.05,19.86,41154.21,21269.5,34158.83,33.11,16.21,21.17,240.0,solar
25.89,8.88,17.55,45468.17,20787.36,33381.96,24.75,14.41,18.86,136.0,solar
27.58,7.55,17.72,44987.5,23821.16,34614.88,23.62,15.93,18.72,8.0,solar
24.5,9.52,17.84,43961.33,23398.84,34215.7,24.82,15.21,20.08,78.0,solar
25.67,6.49,16.13,48544.98,22750.68,35253.37,18.22,10.24,13.55,124.0,solar
24.59,7.67,15.61,46170.05,19790.2,29163.08,21.52,11.54,18.04,4.0,solar
23.97,9.47,17.35,44295.75,24180.76,33451.87,23.5,16.3,19.61,23.0,solar
24.8,5.45,15.37,48073.55,15137.18,30598.41,24.27,10.65,19.89,266.0,solar
26.68,8.83,18.45,47564.85,26538.21,37087.41,16.5,8.71,12.63,6.0,solar
21.38,1.82,11.06,45636.96,8684.84,25538.76,35.88,18.92,26.57,96.0,solar
22.95,2.38,12.58,45325.77,10751.04,28765.47,38.08,19.8,27.63,50.0,solar
26.69,6.46,17.15,47963.04,23281.28,35916.83,21.26,11.74,16.43,158.0,solar
23.82,9.02,15.5,46768.03,18532.49,29650.98,18.3,9.49,14.86,102.0,solar
23.07,5.7,14.6,40661.25,15975.51,29306.33,24.22,16.51,20.33,256.0,solar
23.49,5.82,14.68,41491.48,16246.61,29211.24,24.15,18.44,20.63,80.0,solar
27.28,4.02,16.36,49623.13,13662.65,34289.91,26.86,12.3,20.58,91.0,solar
21.46,1.9,11.2,46794.2,8787.03,25902.06,33.42,18.32,24.86,66.0,solar
21.68,1.89,11.56,46169.9,8277.05,26784.09,36.19,18.89,26.34,73.0,solar
23.52,5.33,14.58,42630.51,14073.3,29299.89,27.71,17.23,22.46,476.0,solar
23.21,3.42,13.71,43455.57,9469.36,26993.41,22.37,11.98,17.8,132.0,solar
24.5,6.22,15.23,45067.6,16655.66,30443.35,23.83,15.38,19.59,39.0,solar
22.96,5.53,14.53,41276.42,16009.93,29496.31,22.21,14.31,18.64,124.0,solar
20.57,5.79,14.06,40937.11,17631.37,28516.02,21.45,8.87,16.47,127.0,solar
26.12,11.0,18.83,44713.76,26437.4,35004.34,28.44,16.64,22.84,295.0,solar
24.36,9.63,17.8,44319.36,23609.54,33893.21,23.97,15.18,19.63,44.0,solar
24.5,9.43,16.07,44963.04,21776.87,30974.77,30.71,11.97,23.37,125.0,solar
24.31,4.2,14.45,46757.96,15122.2,31590.05,14.31,9.88,11.91,33.0,solar
28.55,10.74,20.33,47467.86,29531.49,38525.65,18.81,7.28,14.46,-67.0,solar
22.04,1.89,11.25,46048.7,7901.54,25221.46,35.14,18.17,25.49,82.0,solar
21.61,2.04,11.6,46538.55,8836.67,26407.07,35.02,19.4,25.6,50.0,solar
27.67,10.11,18.95,45894.45,25070.03,35683.84,13.43,11.38,12.47,201.0,solar
25.54,6.93,16.15,46086.08,19546.76,32291.82,24.91,17.05,20.59,4.0,solar
28.09,6.82,17.81,46800.0,19718.74,34338.5,21.72,13.09,16.55,226.0,solar
30.63,10.14,20.91,48444.4,27283.35,38352.59,27.67,11.24,20.0,741.0,solar
19.57,1.77,10.46,38122.02,7361.12,22412.13,32.94,19.17,25.05,231.0,solar
22.97,4.93,14.28,42355.53,13328.98,28299.58,24.62,12.51,19.5,361.0,solar
20.84,1.92,10.83,45836.4,9764.46,24824.42,32.51,17.56,23.67,55.0,solar
21.75,2.12,11.8,47107.5,8512.6,27075.81,32.26,18.75,24.02,18.0,solar
26.77,8.06,18.7,46982.61,25388.99,36325.14,18.78,14.08,15.76,1566.0,solar
27.72,11.96,20.64,45965.93,27766.87,37244.05,28.2,18.18,23.68,1138.0,solar
17.09,1.46,9.77,34364.5,7395.06,22450.17,32.49,19.86,25.4,84.0,solar
28.33,7.88,18.3,46800.0,23413.32,35462.78,23.46,13.93,17.66,470.0,solar
24.31,8.6,17.43,43782.15,22645.37,33733.07,20.6,11.85,15.78,236.0,solar
21.3,2.34,11.8,45255.26,9574.51,25921.41,39.66,23.11,29.5,112.0,solar
23.18,5.33,14.54,42284.88,15236.85,29721.92,21.13,12.46,16.7,97.0,solar
23.82,2.25,13.19,49506.97,8238.23,30451.26,27.4,14.69,21.68,110.0,solar
24.32,4.29,14.52,47203.45,16570.61,32271.77,14.51,10.06,12.03,2.0,solar
28.3,8.42,18.96,47076.41,23533.02,36418.19,17.58,7.26,10.64,574.0,solar
30.01,6.37,18.87,48628.77,17288.55,34989.92,18.73,8.48,13.51,155.0,solar
24.18,9.37,17.28,44512.34,23922.23,33235.02,22.46,16.05,18.96,26.0,solar
22.15,2.13,11.68,42568.38,9270.93,26265.08,32.49,15.51,23.63,48.0,solar
23.05,2.12,12.28,49795.13,8580.59,27524.84,37.75,21.02,27.55,88.0,solar
22.25,2.05,11.66,43584.47,9265.91,26354.15,35.8,20.87,26.56,33.0,solar
21.93,2.24,12.03,50400.0,10886.33,28265.77,34.85,17.95,25.41,1.0,solar
27.09,7.52,17.97,45466.41,23052.7,35312.03,26.55,18.31,21.73,58.0,solar
20.38,1.52,10.34,41806.33,8392.1,23588.28,32.94,18.63,24.36,121.0,solar
24.5,9.69,17.75,43757.72,23423.02,33590.98,24.18,13.48,19.17,204.0,solar
30.46,9.97,20.99,48662.11,27283.18,38436.2,19.23,8.1,13.56,640.0,solar
26.47,6.43,16.96,48077.61,23212.26,35425.4,24.84,13.81,19.04,88.0,solar
29.04,11.22,20.97,45695.36,28425.45,38392.43,19.68,11.87,15.95,1519.0,solar
21.49,2.22,11.73,42641.56,10326.5,26745.61,35.39,18.65,25.83,63.0,solar
24.96,6.94,16.93,45071.36,17321.46,32915.38,24.48,14.22,19.28,155.0,solar
22.44,8.8,14.96,45237.45,25165.43,30245.18,19.29,7.6,14.1,200.0,solar
25.78,10.66,18.29,43566.06,21731.35,33092.48,23.7,13.13,19.08,164.0,solar
25.81,8.98,15.81,43476.35,19731.74,28922.88,11.34,5.03,9.16,147.0,solar
23.16,5.86,14.63,40775.22,15933.29,29506.16,25.15,17.3,20.81,287.0,solar
23.75,2.35,12.64,49983.57,10352.06,28754.83,37.97,20.92,27.93,19.0,solar
25.53,5.83,16.1,45922.65,20844.1,33805.45,21.88,14.45,17.1,414.0,solar
23.9,12.92,18.8,39863.3,16032.27,34728.82,31.67,15.19,20.28,166.0,solar
28.45,7.16,17.98,48046.46,20578.43,34920.98,20.08,12.12,15.87,884.0,solar
25.56,4.53,15.46,48435.79,17428.29,33580.97,18.25,12.93,15.72,116.0,solar
27.79,8.16,18.34,46800.0,24008.07,35808.58,20.97,13.05,15.42,14.0,solar
21.44,1.98,11.68,44039.77,8579.22,26671.57,37.58,18.98,27.45,118.0,solar
24.49,15.05,19.98,41150.86,27685.62,35548.48,20.63,11.81,15.61,80.0,solar
28.43,8.11,18.47,45963.48,24219.21,35713.66,24.5,16.08,20.07,276.0,solar
21.85,2.04,11.75,47798.28,8030.03,26290.45,39.47,21.82,28.63,16.0,solar
24.44,4.09,15.28,46256.61,14114.39,31442.0,29.86,19.11,24.26,392.0,solar
24.02,8.72,17.46,46332.3,23847.02,34183.05,18.73,10.86,14.11,271.0,solar
24.54,6.14,15.25,45275.75,15911.95,30601.17,26.71,17.85,22.63,8.0,solar
23.0,4.32,14.06,43233.53,12745.03,28778.05,18.71,8.78,15.09,102.0,solar
24.27,9.14,16.88,44327.44,24748.64,32800.24,22.6,16.86,19.44,9.0,solar
24.43,8.71,16.88,44605.59,21964.94,32758.78,22.26,14.43,18.21,70.0,solar
24.96,8.63,16.82,45039.66,23057.54,32832.86,23.29,15.37,18.84,47.0,solar
25.7,17.41,20.48,41585.96,29851.92,35823.88,24.45,4.83,12.74,21.0,solar
24.32,10.72,18.09,42269.76,24112.6,33240.36,23.45,9.64,18.21,42.0,solar
25.72,14.03,20.26,41474.5,17039.43,34263.16,31.96,16.93,20.53,573.0,solar
30.67,11.02,21.22,48529.69,29151.03,38891.58,20.41,10.23,15.91,916.0,solar
28.21,7.2,17.83,46800.0,20697.5,33942.33,21.68,12.47,15.64,455.0,solar
29.02,8.38,19.51,48852.31,23333.57,37354.81,14.24,8.14,11.26,59.0,solar
22.06,1.99,11.61,46911.71,7911.92,26054.31,36.11,17.19,26.27,98.0,solar
23.11,4.75,14.64,42532.77,12450.07,28922.09,24.46,14.15,19.23,460.0,solar
21.61,2.29,11.88,45801.15,9619.72,26651.84,34.8,19.65,25.83,94.0,solar
23.34,10.42,18.28,40257.71,7814.69,32247.7,26.11,11.32,15.64,342.0,solar
23.18,3.8,13.64,44084.96,11971.4,27907.21,21.75,10.33,17.81,102.0,solar
27.21,7.28,17.97,46478.21,24839.75,36247.06,25.14,14.71,18.63,24.0,solar
24.54,14.06,19.65,40801.63,26383.97,33755.37,23.87,11.98,16.86,123.0,solar
29.88,8.12,19.67,49044.54,21049.16,37178.75,26.81,7.71,15.74,59.0,solar
28.63,9.25,19.51,46771.14,23731.96,36921.02,25.09,15.77,20.75,1517.0,solar
28.72,9.17,19.64,47449.68,24839.64,37068.62,21.6,10.12,14.05,1054.0,solar
23.08,5.81,14.59,40448.2,15984.98,29543.98,26.03,17.86,21.56,331.0,solar
21.92,1.9,11.59,49097.52,8868.63,26616.47,36.45,18.15,26.56,53.0,solar
29.1,10.54,19.79,48289.12,25701.9,37662.82,16.23,7.59,10.58,320.0,solar
21.44,1.92,11.64,43607.85,9731.62,27242.35,37.33,18.43,27.39,15.0,solar
23.64,5.58,14.65,42527.84,17535.0,29453.24,25.27,18.71,21.3,38.0,solar
23.63,4.13,14.38,46606.89,13844.25,30737.64,15.97,10.41,12.42,80.0,solar
24.08,8.76,17.47,46159.06,23717.71,34163.21,19.75,11.32,15.05,274.0,solar
28.17,10.92,20.81,45352.48,27530.03,37938.44,21.33,11.47,16.02,1779.0,solar
21.8,1.97,11.65,43715.04,8286.86,26021.04,35.85,16.6,25.87,73.0,solar
21.84,2.31,12.13,46842.44,10852.04,28580.85,36.79,16.81,26.46,10.0,solar
28.67,6.28,17.58,47956.99,20462.33,34104.72,25.94,14.75,19.92,859.0,solar
19.72,1.53,10.5,38062.22,7291.05,23061.32,35.43,15.65,24.96,15.0,solar
24.53,6.17,15.24,45227.77,16961.12,30339.86,23.68,15.99,19.67,12.0,solar
26.84,13.58,20.74,43785.77,30531.01,37330.03,31.46,18.77,22.89,60.0,solar
23.78,9.85,18.16,40874.77,6318.13,31449.27,21.37,12.4,17.8,39.0,solar
26.54,15.29,21.22,43217.43,32441.34,37448.07,21.34,13.08,16.64,124.0,solar
27.31,7.53,18.26,47479.41,24149.75,36600.06,18.77,8.54,14.42,279.0,solar
23.06,5.45,14.57,42051.47,15694.88,29598.86,22.57,14.48,18.77,149.0,solar
26.4,7.87,18.51,47140.1,25235.17,36497.51,17.48,12.72,14.57,1493.0,solar
24.73,15.99,20.1,41287.62,27166.17,35408.65,28.55,11.65,17.56,138.0,solar
30.63,10.14,20.91,48444.4,27283.35,38352.59,27.67,11.24,20.0,755.0,solar
30.23,10.74,20.59,48099.09,27677.54,38072.87,17.2,9.48,13.11,794.0,solar
23.23,5.73,14.54,41325.71,17363.2,29225.18,23.5,16.95,20.11,41.0,solar
24.89,9.57,18.72,42504.77,7031.17,33941.92,27.8,13.5,20.25,8.0,solar
25.25,9.35,15.4,45263.05,23756.83,30142.94,23.31,10.2,17.17,163.0,solar
23.25,5.17,14.41,46984.74,19297.12,31710.33,10.72,7.22,8.89,250.0,solar
20.6,1.45,10.36,42444.16,5986.95,23368.19,37.99,19.87,27.72,422.0,solar
22.12,1.77,11.09,46917.75,8285.82,25104.78,36.31,18.71,26.11,34.0,solar
22.08,2.36,12.11,45860.38,10095.8,27215.02,36.18,20.98,27.14,207.0,solar
27.46,7.56,18.18,46800.0,26143.66,36937.57,19.79,13.28,16.62,55.0,solar
29.73,11.91,21.37,46077.81,30394.94,38362.61,19.55,11.76,17.03,341.0,solar
23.84,10.79,18.82,42158.25,5516.06,33179.06,27.54,12.37,17.29,443.0,solar
27.04,6.73,17.71,47978.38,21484.35,36444.67,24.16,14.26,20.78,97.0,solar
23.43,9.67,17.6,43987.14,23639.2,33769.75,22.34,13.99,18.47,25.0,solar
29.62,10.97,20.79,46928.97,29635.07,38556.87,26.14,14.83,18.97,587.0,solar
25.29,6.5,15.36,45151.52,17119.27,30540.74,28.06,21.31,23.85,17.0,solar
28.0,10.22,19.18,46837.59,25042.8,36294.25,14.25,10.72,12.54,185.0,solar
24.59,8.86,15.58,45054.01,19875.41,29030.39,16.2,7.41,13.41,433.0,solar
25.47,16.83,20.32,41509.85,29670.7,36028.01,32.99,13.09,22.97,11.0,solar
22.52,2.06,11.95,44876.04,9854.97,27766.82,38.86,19.81,28.22,4.0,solar
29.09,18.42,24.05,42299.76,36038.31,39036.67,7.19,5.96,6.55,1043.0,solar
25.9,6.08,16.76,45207.64,16545.14,33585.29,30.93,17.74,24.19,332.0,solar
21.77,13.18,17.66,40842.11,14731.18,31764.44,13.71,9.94,11.85,179.0,solar
22.95,2.38,12.78,46720.27,10751.04,29123.28,38.08,18.06,27.51,42.0,solar
21.0,1.94,11.31,44862.0,7703.42,25586.88,34.52,17.22,25.59,119.0,solar
22.9,2.37,12.75,48028.46,10507.29,28515.58,42.95,22.06,30.74,0.0,solar
24.26,5.06,15.08,45175.88,15882.51,30942.66,26.69,14.7,20.36,370.0,solar
30.14,8.74,20.36,48982.35,24257.82,37571.57,14.52,7.34,11.43,294.0,solar
23.34,9.64,18.05,41593.06,3853.54,32070.95,13.59,8.73,11.39,206.0,solar
21.17,2.29,11.43,43945.86,9423.12,25434.64,34.22,19.77,25.59,32.0,solar
27.23,10.4,20.42,46694.82,27477.62,37751.4,18.5,11.92,15.69,2310.0,solar
24.87,9.02,17.21,43991.26,24141.7,32907.52,23.13,15.83,18.8,46.0,solar
24.61,9.41,17.55,44828.52,23738.45,33725.73,24.21,16.65,19.77,72.0,solar
24.13,15.54,18.98,42237.55,24864.93,34634.96,11.09,5.96,8.42,79.0,solar
23.84,9.36,17.1,44039.16,23969.07,33029.4,22.25,16.11,19.02,24.0,solar
19.13,1.8,10.55,40976.21,7087.65,23568.74,33.13,18.35,24.91,206.0,solar
22.47,2.53,12.07,44025.58,10933.82,26702.19,37.08,19.89,27.2,95.0,solar
23.78,5.54,14.87,46749.99,20427.21,32363.0,11.34,7.49,8.89,268.0,solar
22.69,2.32,12.64,46903.59,10674.96,28718.43,38.68,19.09,28.08,57.0,solar
22.95,2.38,12.58,45325.77,10751.04,28765.47,38.08,19.8,27.63,46.0,solar
23.51,5.66,14.58,41742.3,16816.58,29141.4,25.06,18.37,21.04,82.0,solar
21.42,14.27,18.14,38789.69,23973.05,32452.09,16.97,9.31,12.87,5.0,solar
27.29,9.17,18.85,47026.65,25692.2,37296.39,17.1,9.72,11.82,288.0,solar
21.36,2.19,11.6,43840.48,10523.62,26722.09,34.05,18.11,24.96,66.0,solar
23.58,8.61,17.2,41812.72,22206.4,33102.18,21.22,12.39,16.15,237.0,solar
24.25,13.02,19.25,41358.53,16856.9,33889.98,35.64,13.18,21.26,619.0,solar
27.22,6.6,17.37,48217.36,20251.64,35600.72,41.31,18.66,24.91,262.0,solar
23.72,9.45,15.77,44967.05,21228.9,30549.77,28.93,11.31,21.74,93.0,solar
25.52,9.12,17.54,45575.5,20892.36,33024.2,25.76,14.77,19.16,63.0,solar
21.31,1.98,11.44,45829.86,7912.39,25944.11,33.61,17.32,24.86,68.0,solar
29.71,12.02,21.42,45019.07,30400.58,38259.55,29.19,21.19,24.62,1249.0,solar
22.35,16.02,18.89,41416.62,26689.22,34048.59,17.7,12.76,15.09,166.0,solar
23.31,4.42,14.51,43155.86,14749.73,29823.47,26.64,16.44,21.37,299.0,solar
24.23,3.7,14.82,46665.27,13518.76,32608.81,16.44,10.53,13.48,284.0,solar
20.96,1.86,10.99,47538.44,7389.09,24408.44,32.66,19.08,24.53,182.0,solar
24.66,13.14,19.59,45365.15,31197.29,38573.11,18.66,9.49,14.57,11.0,solar
23.19,12.81,18.21,39402.72,15782.95,33388.61,19.95,11.08,15.28,382.0,solar
24.86,8.44,17.12,44314.83,22778.91,33399.76,22.32,13.55,17.16,243.0,solar
23.55,4.48,14.06,44407.54,12936.18,28650.6,19.89,9.95,16.31,215.0,solar
24.99,4.64,14.93,47780.25,16729.67,32534.61,16.83,9.85,14.34,-3.0,solar
24.45,6.12,15.13,45040.03,16075.41,30569.04,24.05,16.4,20.15,36.0,solar
24.22,8.78,17.49,43478.39,23191.21,33761.01,20.83,12.18,16.35,257.0,solar
29.28,6.86,18.72,49043.17,18679.16,35926.17,18.53,12.13,15.46,11.0,solar
23.16,3.82,13.99,43738.25,12197.28,28886.6,24.55,9.38,19.15,140.0,solar
21.62,2.28,11.8,45243.2,9716.71,26233.01,39.45,22.54,28.98,114.0,solar
24.5,9.43,16.07,44963.04,21776.87,30974.77,30.71,11.97,23.37,148.0,solar
27.94,6.33,18.3,47077.86,17139.45,35946.25,12.33,9.09,10.31,523.0,solar
24.46,9.48,17.61,44423.93,23841.23,33603.48,24.34,16.54,20.02,44.0,solar
26.94,10.88,19.12,42547.9,27889.59,35584.32,15.88,11.08,12.91,127.0,solar
26.0,3.06,14.19,46917.87,9790.05,29274.52,30.71,12.6,18.5,40.0,solar
29.18,11.38,20.99,47541.49,29891.09,38857.78,21.22,8.33,14.73,-11.0,solar
24.92,12.99,19.8,41224.49,15838.6,34100.72,35.36,15.45,21.27,497.0,solar
26.1,9.76,18.78,44540.03,23759.67,34868.08,29.51,19.2,24.21,410.0,solar
28.2,14.76,22.43,43410.61,29068.82,37879.77,26.35,15.8,20.34,1105.0,solar
21.62,1.88,11.53,46307.52,7880.69,26419.82,35.99,17.47,26.27,68.0,solar
28.6,11.11,20.82,45628.78,28759.16,38329.21,20.15,10.57,15.59,1523.0,solar
22.49,15.44,19.2,39332.33,26850.04,32995.65,15.12,6.31,10.45,27.0,solar
21.3,1.78,11.0,46321.11,8258.91,25369.76,36.32,18.72,26.91,154.0,solar
22.9,4.73,14.62,42332.53,12271.05,29103.08,22.96,11.87,17.94,391.0,solar
21.16,1.74,11.18,44019.3,8079.83,24965.64,36.1,20.73,26.36,50.0,solar
24.45,2.78,12.98,48711.14,12184.89,28931.92,13.35,8.71,11.92,274.0,solar
24.19,5.05,15.55,44973.52,17944.97,32403.31,31.56,18.54,24.58,320.0,solar
23.07,12.7,18.61,41809.38,13378.12,33016.7,21.87,12.6,16.65,139.0,solar
26.55,10.98,19.15,44279.61,20726.62,34106.21,30.08,20.4,24.22,238.0,solar
23.93,6.01,14.95,44015.0,15608.72,30438.09,24.04,14.43,19.88,9.0,solar
31.08,13.16,22.15,44466.39,32907.67,38842.83,25.15,17.7,22.4,830.0,solar
20.62,6.66,14.29,42812.45,20443.94,28631.61,19.65,6.19,13.39,101.0,solar
24.12,8.65,17.03,42928.57,22514.42,32810.53,22.8,13.76,17.9,212.0,solar
25.02,9.05,17.25,44791.41,24158.53,33219.2,23.57,16.42,19.37,42.0,solar
24.35,14.51,19.87,41014.0,25999.17,35281.44,21.95,13.35,17.35,28.0,solar
25.49,14.15,20.85,45311.92,32444.84,39007.9,26.43,12.71,22.2,6.0,solar
23.94,2.24,12.61,49683.39,9418.31,28512.56,37.64,19.44,27.23,8.0,solar
18.28,1.43,10.35,38586.82,7296.36,24569.82,35.0,18.45,26.61,28.0,solar
19.78,14.09,16.91,36191.01,21341.8,27891.93,13.62,7.87,10.17,14.0,solar
24.06,3.5,13.89,47904.29,12228.63,30824.55,20.92,13.4,17.4,319.0,solar
23.31,2.08,11.98,44504.12,9608.46,26811.18,41.73,22.78,30.01,53.0,solar
25.02,6.53,15.84,44919.57,18506.03,31943.11,22.36,12.98,18.23,131.0,solar
21.85,6.37,14.72,44320.07,20034.51,29715.96,25.06,8.11,17.36,479.0,solar
21.75,2.14,11.69,47511.4,8487.72,26645.16,34.16,20.34,25.57,157.0,solar
20.24,1.78,10.53,42542.16,9031.06,24224.03,32.63,18.19,23.9,46.0,solar
20.07,1.44,10.14,41032.75,7744.11,22905.15,34.81,19.13,25.29,113.0,solar
25.37,9.1,16.1,46114.88,20978.74,30265.45,20.61,12.66,17.78,369.0,solar
19.59,5.89,13.67,34419.27,21607.69,28726.97,26.07,18.62,22.51,11.0,solar
21.02,1.64,10.46,44975.7,7127.45,23833.15,31.98,15.0,22.42,80.0,solar
24.8,8.86,18.36,42480.42,3450.62,31136.28,35.32,11.54,18.82,978.0,solar
23.26,12.69,18.68,39240.68,12610.99,32046.22,32.78,17.22,21.15,643.0,solar
26.06,11.08,18.82,45206.85,25947.24,34922.95,28.52,16.15,22.87,241.0,solar
21.2,1.74,11.06,45702.0,8199.84,25636.54,35.54,18.34,25.55,78.0,solar
26.97,9.98,19.03,44956.06,25414.23,35432.35,16.0,10.71,12.84,33.0,solar
23.49,5.31,14.73,43045.09,14928.84,29528.33,21.59,13.18,18.03,145.0,solar
23.11,2.53,13.45,46930.65,8159.73,29305.53,24.71,15.56,21.29,251.0,solar
23.02,13.36,18.52,40004.55,13534.33,32405.5,29.38,13.56,18.38,571.0,solar
27.13,6.76,17.67,48404.2,22400.05,36715.32,23.36,12.16,19.38,18.0,solar
23.59,3.5,13.85,43192.81,9346.52,26799.95,25.21,13.74,20.52,164.0,solar
27.56,9.71,19.31,48016.62,27497.76,37966.47,11.41,7.48,9.04,187.0,solar
20.18,1.59,10.56,41089.31,7203.52,24003.22,34.75,18.99,25.84,106.0,solar
23.2,6.07,17.39,40416.01,62.66,30283.53,12.28,6.76,9.22,79.0,solar
24.96,14.2,20.01,41109.75,18419.17,33937.26,33.23,16.35,21.16,508.0,solar
23.86,9.55,17.49,43461.42,24354.91,33413.83,24.51,16.57,20.34,32.0,solar
21.46,1.96,11.38,44611.96,7722.66,25613.23,33.55,17.89,24.6,77.0,solar
28.88,8.26,19.15,49172.85,24312.58,37549.04,16.78,10.02,13.06,104.0,solar
24.3,12.52,18.39,40648.53,9076.97,31747.81,20.95,12.31,16.02,30.0,solar
21.45,2.2,11.81,43300.13,10429.93,27032.57,33.59,16.41,24.43,23.0,solar
28.77,13.57,21.71,44314.58,32363.99,38600.22,31.82,18.58,23.82,1512.0,solar
29.7,9.23,19.99,48656.98,26113.45,38043.98,11.67,7.26,9.49,224.0,solar
22.97,8.53,18.24,39156.98,5701.7,33649.62,29.88,16.61,21.23,323.0,solar
23.6,1.95,12.57,48130.79,5983.97,27197.64,30.62,16.98,23.21,149.0,solar
21.06,2.09,11.55,46562.86,9313.65,26843.14,34.26,16.96,24.75,11.0,solar
23.25,13.72,18.7,40310.65,12265.74,32541.6,30.38,13.08,19.11,487.0,solar
25.45,4.51,15.42,48715.69,16952.39,33740.26,17.72,13.05,15.29,135.0,solar
21.45,2.33,11.59,41669.07,9253.23,25118.03,37.68,21.69,27.76,63.0,solar
20.42,1.64,11.48,40511.65,6888.49,25880.37,33.45,17.97,25.57,0.0,solar
22.29,2.26,12.85,47490.0,6997.34,28783.24,29.7,14.85,22.22,225.0,solar
23.3,11.47,17.75,40855.59,23969.75,34677.92,17.75,9.58,14.19,211.0,solar
24.22,5.69,15.12,44854.73,15760.76,30207.91,22.81,12.31,18.64,175.0,solar
24.43,9.17,15.55,44869.0,22680.36,30520.79,25.38,10.42,19.69,2.0,solar
28.09,10.91,20.8,45595.12,27890.09,38047.14,21.59,12.34,16.72,1849.0,solar
24.78,5.31,15.35,44260.83,14649.33,30634.97,20.93,9.4,17.4,202.0,solar
31.01,11.02,21.21,48441.96,28344.34,38804.84,17.48,10.36,13.89,1175.0,solar
21.99,1.96,11.94,49890.72,9490.9,27453.7,36.97,19.45,27.24,51.0,solar
27.19,3.11,14.54,48630.63,9586.17,30025.79,15.57,7.88,13.11,50.0,solar
20.86,2.22,11.34,39807.58,9045.89,24439.88,38.28,20.91,27.05,135.0,solar
21.84,2.31,12.13,46842.44,10852.04,28580.85,36.79,16.81,26.46,18.0,solar
25.66,3.0,15.26,47913.3,8130.03,31122.68,32.05,20.12,24.03,142.0,solar
27.31,7.52,18.13,46800.0,26152.12,36778.96,20.39,11.38,15.65,22.0,solar
23.42,4.83,14.34,46830.93,17694.86,31212.26,11.16,7.7,8.81,196.0,solar
27.81,12.02,20.75,45585.27,28077.89,37444.25,24.62,17.4,20.77,975.0,solar
24.2,5.56,15.12,44085.24,15443.35,29671.05,21.93,11.44,18.02,61.0,solar
21.82,1.88,11.35,45863.96,8184.6,25980.14,36.06,18.32,26.33,112.0,solar
23.61,2.71,12.69,44702.15,12042.36,27875.41,39.23,20.32,28.52,93.0,solar
26.21,6.49,16.83,48230.34,20487.67,35343.7,24.5,11.02,18.88,104.0,solar
24.14,8.77,17.06,44887.28,21686.21,32539.48,21.62,10.79,16.15,212.0,solar
29.26,8.48,19.04,48289.95,23029.94,36679.18,16.51,11.25,13.84,1465.0,solar
24.66,9.05,16.9,45077.46,24358.63,32878.21,23.66,17.01,19.98,8.0,solar
23.33,5.28,14.88,43381.38,14789.0,29519.39,20.66,11.89,17.34,130.0,solar
21.24,1.92,11.48,41303.24,7349.28,25468.64,32.9,14.77,23.9,64.0,solar
23.94,2.24,12.61,49683.39,9418.31,28512.56,37.64,19.44,27.23,14.0,solar
24.15,12.63,18.98,40579.51,9555.02,32046.39,31.32,15.04,19.7,442.0,solar
21.55,2.14,11.91,45939.72,9848.08,27072.5,35.27,17.72,25.74,58.0,solar
29.16,11.39,21.01,47536.59,30176.62,39039.94,18.11,8.01,13.0,-6.0,solar
22.62,2.19,11.87,48242.82,8813.93,26576.86,33.69,17.93,24.87,83.0,solar
21.24,1.9,11.46,40860.01,7780.81,25455.74,34.47,17.2,25.34,113.0,solar
22.0,2.22,11.89,46262.62,9102.01,27302.96,32.46,17.62,23.66,9.0,solar
22.84,12.38,18.56,39328.88,9517.27,32049.19,32.3,14.57,19.55,610.0,solar
23.63,10.15,17.91,43348.85,24579.23,34295.77,25.91,14.99,21.71,0.0,solar
20.38,1.84,10.72,41686.93,8975.87,24153.84,32.79,18.25,24.64,110.0,solar
25.04,4.46,14.71,47997.82,15436.53,31897.2,16.86,9.28,13.38,5.0,solar
29.21,7.72,19.19,49307.32,19792.84,37175.57,17.54,11.88,15.33,69.0,solar
21.3,2.34,11.8,45255.26,9574.51,25921.41,39.66,23.11,29.5,106.0,solar
27.01,15.54,21.63,43196.66,33247.39,37328.65,24.67,16.45,19.74,125.0,solar
24.67,8.71,17.23,43949.04,19921.74,32420.71,20.76,10.04,15.13,491.0,solar
30.63,10.94,21.2,48570.24,28731.64,38873.2,22.93,10.85,16.03,910.0,solar
30.7,9.9,20.97,48522.58,26248.61,38215.24,25.01,14.49,19.06,815.0,solar
28.59,8.05,18.59,47383.41,23015.24,36174.54,15.46,7.89,11.13,1006.0,solar
25.12,8.85,17.07,45198.18,23384.89,33169.11,23.46,16.13,19.16,32.0,solar
22.86,7.73,15.03,45637.66,14985.76,29222.31,21.39,8.5,14.58,24.0,solar
27.22,9.2,18.77,47059.54,26499.56,37392.03,16.59,9.34,11.54,481.0,solar
21.15,2.33,11.76,43511.24,9438.22,26129.81,32.97,19.75,24.6,19.0,solar
30.89,9.93,20.89,48485.42,25769.37,37952.46,24.71,11.33,18.46,790.0,solar
22.65,7.54,14.68,45828.78,23094.47,29756.16,21.51,8.65,15.88,384.0,solar
23.97,8.79,17.45,44623.84,23482.89,33765.26,19.67,11.68,15.34,254.0,solar
24.81,8.63,16.85,45527.66,23513.07,33053.79,23.91,16.34,19.43,29.0,solar
22.81,5.09,14.35,42476.03,14287.82,28796.6,24.11,11.42,19.07,222.0,solar
27.88,8.63,18.71,46800.0,25381.05,36561.4,22.67,13.67,16.2,110.0,solar
17.33,1.39,9.96,38929.97,7209.36,23737.43,31.4,18.7,24.43,142.0,solar
24.43,10.01,17.97,42207.42,22832.4,33067.22,23.25,12.47,18.98,72.0,solar
24.66,8.99,17.12,43805.27,23855.41,32753.35,22.79,15.47,18.75,82.0,solar
23.12,5.35,14.52,41928.14,15064.71,29543.18,21.25,11.98,16.88,190.0,solar
25.14,6.64,15.92,45155.12,18494.34,31273.79,23.02,15.39,19.2,51.0,solar
27.52,9.31,19.05,47304.5,26612.0,37568.42,17.67,10.08,13.22,518.0,solar
16.85,1.41,9.64,34514.37,7376.63,22684.34,33.57,20.33,26.04,100.0,solar
27.88,8.28,18.57,46800.0,23989.42,36302.44,23.05,14.67,17.92,75.0,solar
25.29,3.36,14.94,48368.42,10429.96,31764.38,29.42,16.89,22.28,-12.0,solar
29.33,12.8,21.8,46437.13,31970.93,39383.29,26.25,16.23,20.43,49.0,solar
29.6,10.98,21.12,46794.58,29979.13,38677.77,39.29,19.19,24.52,696.0,solar
21.35,2.18,11.67,43733.24,10067.88,27074.34,33.38,17.82,24.42,11.0,solar
20.72,1.93,10.85,44783.52,9275.39,24618.85,33.42,17.73,23.98,62.0,solar
25.48,8.49,16.86,46385.38,22369.31,33030.17,23.84,16.89,19.41,24.0,solar
26.7,9.89,18.84,44429.81,25442.88,35516.6,14.99,10.11,12.41,16.0,solar
27.22,6.71,17.7,48351.3,22705.33,36604.7,25.17,16.74,21.64,33.0,solar
22.26,14.94,18.76,41035.06,19723.43,33498.3,19.27,12.99,15.37,138.0,solar
22.36,2.0,11.67,48636.03,7706.68,26421.06,37.17,18.33,27.17,212.0,solar
21.25,2.32,11.77,44989.04,9557.96,26042.0,39.51,22.94,29.14,191.0,solar
23.17,5.69,14.54,41005.52,18550.03,29357.07,23.32,15.05,19.43,31.0,solar
23.48,4.4,14.9,42274.67,8857.99,29322.82,25.44,13.3,20.64,284.0,solar
27.06,6.67,17.54,48383.37,22315.12,36753.42,23.63,14.65,20.55,93.0,solar
23.53,8.87,15.34,45398.72,23945.04,30473.7,22.11,11.41,17.57,28.0,solar
23.75,8.99,17.17,43047.43,23375.72,33334.19,21.55,14.31,17.51,163.0,solar
23.25,11.6,17.78,40614.88,23257.21,34621.11,18.03,9.96,14.5,218.0,solar
23.93,9.05,15.95,43297.71,23583.55,30854.13,21.67,10.09,17.66,4.0,solar
28.39,8.06,18.51,47918.24,23284.67,35496.48,26.41,17.36,20.88,788.0,solar
22.07,1.82,11.29,44551.53,8227.96,25799.19,37.7,18.66,27.29,74.0,solar
28.58,7.39,18.51,47772.24,21892.65,35673.57,25.15,15.4,19.45,663.0,solar
23.71,4.53,15.21,41945.55,11316.62,29895.72,27.07,15.01,21.59,235.0,solar
21.13,1.97,11.41,47036.68,7810.37,25869.66,34.45,16.91,25.39,76.0,solar
23.23,13.72,18.59,39965.96,13584.88,32114.69,25.99,11.96,17.14,419.0,solar
23.86,5.69,14.73,42105.79,16696.01,29109.14,24.87,18.78,20.88,26.0,solar
26.7,9.89,18.56,44429.81,25442.88,35210.34,14.99,9.55,12.35,14.0,solar
24.9,9.04,17.53,46250.16,24145.35,33922.92,23.72,16.18,19.2,61.0,solar
22.87,5.37,14.46,41117.82,15901.73,29065.25,20.42,12.02,16.89,75.0,solar
21.0,1.94,11.31,44862.0,7703.42,25586.88,34.52,17.22,25.59,93.0,solar
27.88,10.37,20.72,47194.87,27472.68,37955.18,17.2,8.65,12.89,2298.0,solar
28.01,7.53,17.78,45991.19,22400.95,34145.63,25.47,16.43,19.72,234.0,solar
24.86,8.71,16.89,45259.02,22823.04,33054.07,23.28,15.35,18.88,148.0,solar
23.91,6.92,17.84,41310.34,1449.63,32516.4,23.29,13.61,17.86,454.0,solar
25.34,12.06,19.18,42675.45,10993.62,33980.78,34.25,14.3,21.52,52.0,solar
27.74,13.13,21.48,45545.51,32762.57,39399.82,31.45,12.25,17.88,175.0,solar
29.96,12.16,20.99,46124.65,29685.72,38345.04,14.41,10.0,12.99,827.0,solar
27.88,10.24,19.09,47201.72,24534.42,36240.41,14.22,8.19,11.68,312.0,solar
23.2,6.05,17.33,40466.34,0.0,30627.91,10.32,6.4,8.34,65.0,solar
25.16,7.16,16.37,45777.55,19010.61,33151.7,18.69,10.11,14.43,157.0,solar
24.76,13.45,19.63,40163.89,24604.1,34067.33,22.18,14.07,16.97,62.0,solar
21.65,2.32,11.93,44993.0,9885.77,27170.86,35.67,20.01,26.62,152.0,solar
24.63,9.68,16.19,44136.17,23438.88,31258.02,35.11,8.18,25.09,43.0,solar
29.13,8.41,19.54,48978.21,23843.5,37610.65,15.33,10.37,13.04,60.0,solar
28.77,13.57,21.71,44314.58,32363.99,38600.22,31.82,18.58,23.82,1515.0,solar
24.61,9.6,17.81,44293.44,23860.35,33812.63,25.73,16.08,20.78,54.0,solar
26.86,10.25,18.12,45526.88,24520.56,33398.58,27.63,17.56,22.29,184.0,solar
29.8,13.9,21.87,45899.73,32413.3,39193.47,18.58,14.28,16.81,68.0,solar
29.55,11.73,21.1,45635.26,29793.55,38050.39,18.85,12.38,16.22,266.0,solar
27.49,8.56,18.7,48211.05,25862.4,36836.68,17.95,10.33,14.01,428.0,solar
24.53,4.61,15.32,46348.1,15917.44,32803.87,22.61,12.25,17.28,88.0,solar
17.14,1.41,9.53,33560.62,7010.32,21808.33,30.97,18.82,23.93,82.0,solar
20.35,1.89,10.77,43301.0,9719.56,24743.6,32.75,17.37,23.97,128.0,solar
29.4,5.6,18.06,49317.59,13494.79,34335.63,18.79,10.51,14.09,1239.0,solar
24.58,9.09,16.8,44875.07,24718.21,32777.72,23.56,17.0,20.0,4.0,solar
24.66,8.99,17.12,43805.27,23855.41,32753.35,22.79,15.47,18.75,53.0,solar
21.96,2.02,11.54,42802.0,9014.92,25783.92,36.42,21.51,27.11,69.0,solar
25.18,17.08,21.18,42195.57,33494.78,37967.3,15.86,6.44,10.04,31.0,solar
27.25,3.21,14.76,48846.49,10870.83,30241.01,20.92,8.97,15.77,53.0,solar
22.98,5.43,14.52,41224.96,15729.73,29375.33,20.5,11.58,16.56,50.0,solar
23.55,10.46,17.91,42314.73,24109.07,34119.82,22.58,11.27,18.51,12.0,solar
24.88,9.07,17.14,44476.88,24591.45,33070.14,23.14,16.85,19.56,17.0,solar
21.46,2.31,11.72,46409.4,9626.79,26181.69,41.14,22.8,29.77,205.0,solar
24.11,8.75,17.18,43862.51,22969.75,33525.74,22.13,14.0,17.86,191.0,solar
24.49,6.19,15.22,44701.89,16498.04,30474.03,23.14,15.0,19.25,25.0,solar
21.39,9.64,15.59,41705.87,22736.74,30615.85,25.6,7.46,17.73,73.0,solar
22.04,1.77,11.25,45383.05,8167.77,25611.28,38.59,19.72,27.52,109.0,solar
22.99,4.6,14.08,44258.75,12124.59,28471.35,22.82,11.47,18.8,170.0,solar
24.69,8.58,15.58,45371.66,22529.48,30330.89,19.53,8.19,15.33,230.0,solar
30.12,12.8,21.75,45923.67,30936.18,38692.89,26.48,16.36,21.13,1228.0,solar
23.85,8.47,17.25,42002.68,22298.62,33099.49,20.2,12.38,15.51,219.0,solar
26.77,6.53,17.06,48547.71,21186.75,35692.45,38.75,15.53,22.44,384.0,wind
28.27,3.08,16.23,49957.76,8405.66,32616.6,29.11,14.46,21.0,424.0,wind
27.41,5.85,16.88,47082.6,19315.26,33917.58,19.03,12.43,14.93,1157.0,wind
21.72,5.54,13.64,40702.01,19359.04,30300.76,24.85,15.06,19.98,81.0,wind
31.75,7.89,19.3,47097.18,21336.27,35808.04,19.99,11.91,16.52,66.0,wind
22.3,1.67,12.12,43897.98,8102.49,27632.02,45.81,22.62,33.92,0.0,wind
22.61,8.29,16.5,39247.19,25385.86,33116.95,33.88,16.02,24.27,2092.0,wind
25.0,5.46,16.27,47237.07,18904.54,33201.15,33.21,18.56,26.07,523.0,wind
16.34,1.33,9.3,34085.1,7041.56,21843.25,33.0,19.94,26.14,251.0,wind
25.6,9.66,15.92,43648.42,16599.17,28395.12,35.57,21.21,25.97,0.0,wind
23.58,8.41,14.97,42142.35,15408.33,26934.05,27.39,15.43,21.39,2.0,wind
27.98,6.73,17.51,48252.03,20857.7,34522.0,30.75,15.2,22.3,1051.0,wind
26.13,7.17,17.38,44951.53,22712.49,34714.21,33.49,20.64,25.26,289.0,wind
19.0,1.05,9.36,38370.62,6823.19,22813.79,28.04,15.58,22.71,372.0,wind
26.27,6.99,17.86,46955.62,18786.93,34634.29,28.26,15.76,23.17,490.0,wind
19.69,1.88,10.69,37882.47,8471.93,23976.94,31.58,18.69,24.0,35.0,wind
20.75,3.29,12.44,38359.28,12528.6,26773.9,30.79,17.61,23.72,99.0,wind
20.66,2.5,12.51,39199.79,7020.65,26659.69,30.79,15.65,22.23,328.0,wind
25.27,6.32,16.76,45741.82,22861.38,34788.04,32.61,18.86,25.09,1260.0,wind
18.74,1.1,9.62,37873.31,6467.95,23244.96,29.37,16.88,23.96,438.0,wind
20.73,2.15,12.21,38363.08,6291.96,25832.15,30.91,13.62,21.56,157.0,wind
26.21,7.9,16.18,42197.65,21244.29,30114.53,42.86,20.1,24.69,131.0,wind
20.57,2.08,11.96,38640.26,6109.67,25185.67,30.8,13.41,21.89,171.0,wind
22.58,4.84,14.7,46855.5,18650.57,32727.77,25.11,15.92,21.37,639.0,wind
17.66,1.06,9.52,40156.52,6671.82,23635.97,30.17,17.21,24.25,423.0,wind
17.87,1.0,9.22,33541.32,4415.94,20107.47,32.46,18.61,25.78,578.0,wind
20.46,2.35,11.67,39959.93,8892.86,25922.08,32.77,16.73,24.32,34.0,wind
21.4,6.45,14.9,37521.13,22700.3,31950.47,27.41,16.28,22.28,167.0,wind
18.28,1.07,9.51,37169.02,5660.04,23117.1,32.87,19.65,27.08,169.0,wind
30.97,12.29,21.56,44764.89,30714.18,37948.58,29.39,23.81,26.73,946.0,wind
25.75,3.96,15.07,50433.42,18111.29,33126.21,34.64,16.19,22.91,1078.0,wind
28.44,4.18,16.17,50068.84,15256.98,33483.75,27.06,14.56,20.09,857.0,wind
26.2,5.14,16.2,48775.56,18376.83,33696.56,30.99,19.51,24.47,615.0,wind
27.49,10.65,19.09,46049.42,24865.78,35310.13,28.02,20.84,24.0,419.0,wind
21.63,7.59,15.51,38664.64,22707.2,31257.52,28.92,18.41,23.89,1.0,wind
19.43,2.02,11.51,37965.1,7141.18,25192.96,33.68,17.12,24.74,86.0,wind
20.88,2.09,11.47,38990.73,7884.62,24901.86,36.21,18.32,26.38,120.0,wind
26.67,8.91,19.25,46220.93,23560.46,36061.89,32.54,18.62,27.79,871.0,wind
22.08,3.46,13.52,47915.34,11687.94,28876.37,28.46,12.69,20.66,463.0,wind
21.48,1.96,11.45,44494.53,7851.17,26016.75,35.4,19.61,25.69,9.0,wind
18.18,1.06,9.46,35965.07,5523.5,21783.11,32.08,17.51,25.14,304.0,wind
24.19,6.26,17.81,42395.55,2582.11,32250.45,29.35,14.17,19.31,613.0,wind
21.91,9.96,16.79,37236.4,23941.98,31276.07,26.2,17.54,21.88,1816.0,wind
27.29,12.09,20.73,45607.67,28184.76,37335.58,30.79,22.42,26.1,1029.0,wind
24.64,5.7,15.63,43204.19,15319.99,30913.17,29.76,18.4,24.11,256.0,wind
23.72,11.56,19.23,41252.84,11862.92,33117.62,34.1,14.37,21.23,679.0,wind
20.48,0.92,9.96,44095.63,6688.43,23866.0,31.01,17.35,25.63,217.0,wind
27.06,18.48,21.72,40585.31,33009.31,37690.42,42.2,16.39,28.95,767.0,wind
25.2,12.86,19.3,42142.7,17470.28,34789.6,34.39,20.38,25.87,52.0,wind
21.56,6.37,14.9,38698.3,24126.0,32466.77,26.39,17.92,21.81,141.0,wind
21.36,9.26,16.18,35478.28,26978.33,31200.66,24.58,14.65,20.0,1461.0,wind
22.27,8.33,16.14,38836.06,24896.34,32308.26,28.24,12.58,19.22,1678.0,wind
28.27,3.22,16.11,50092.42,9600.42,32801.6,24.25,15.02,18.75,650.0,wind
21.17,2.0,12.0,41197.08,8099.45,26736.53,28.82,15.77,21.6,107.0,wind
26.03,12.31,17.56,43871.75,24735.93,30955.95,31.7,16.87,25.1,379.0,wind
24.92,5.8,16.77,46199.38,18003.15,33383.73,33.15,17.08,25.37,460.0,wind
25.12,11.13,16.14,43777.16,20829.0,28816.56,12.55,6.33,9.73,77.0,wind
20.38,6.33,14.62,36393.51,23036.72,31956.28,26.72,15.17,22.14,219.0,wind
20.82,2.78,12.58,41794.37,8203.35,27134.9,31.89,13.08,23.07,135.0,wind
23.8,4.46,14.05,44260.36,15124.37,28034.28,22.27,10.44,16.46,593.0,wind
17.75,1.04,9.31,35550.92,5838.14,22126.28,26.89,14.76,21.74,11.0,wind
24.97,7.16,15.5,42111.73,18422.45,29665.02,38.72,20.56,25.03,46.0,wind
27.66,8.83,18.83,48057.67,26349.74,37215.96,25.64,13.54,17.76,533.0,wind
26.94,7.49,18.77,45769.54,20176.66,35383.7,29.93,19.41,25.98,746.0,wind
20.96,1.85,11.16,42016.12,8383.7,25761.68,35.54,20.52,26.02,-1.0,wind
16.51,1.31,9.25,32677.82,6668.97,21666.57,32.53,20.18,25.5,162.0,wind
27.64,8.31,18.95,47687.59,25329.42,36794.31,15.96,10.65,12.3,1824.0,wind
23.13,3.83,13.66,43949.74,14248.89,29342.33,27.08,16.37,21.14,9.0,wind
19.57,1.13,9.97,43872.71,6567.77,23876.53,30.26,17.25,23.25,323.0,wind
21.42,2.19,12.02,43303.33,9743.92,27106.39,30.8,16.65,22.72,140.0,wind
25.75,6.38,16.06,41967.41,16257.01,29954.15,27.89,17.94,24.81,735.0,wind
24.72,17.73,21.55,42145.22,32996.27,38417.46,35.19,20.86,28.92,236.0,wind
19.72,1.53,10.3,38062.22,7291.05,22778.81,35.43,17.26,25.44,16.0,wind
22.97,3.68,13.26,45363.52,11393.97,27900.33,29.42,17.09,22.68,168.0,wind
22.58,2.91,12.48,41457.62,11205.18,26421.77,39.46,19.59,28.8,59.0,wind
22.44,6.65,14.58,40325.23,23652.74,30466.3,28.07,16.96,23.03,112.0,wind
22.74,7.65,16.18,42167.73,24879.24,33359.19,40.79,17.88,28.73,1553.0,wind
25.21,7.49,15.67,41539.35,17930.46,30029.53,39.28,22.5,27.61,13.0,wind
26.41,14.48,20.4,41779.16,29095.71,35348.85,25.61,13.64,19.35,538.0,wind
31.02,9.74,20.68,48608.51,25238.6,37445.31,27.09,11.2,19.3,1338.0,wind
21.11,3.95,12.99,42590.7,12811.57,25802.43,31.23,21.51,25.64,15.0,wind
23.49,16.68,20.46,40578.08,25635.25,36698.74,24.54,13.16,19.3,22.0,wind
23.15,3.41,13.71,43093.39,6572.87,26772.18,27.76,10.98,22.52,502.0,wind
27.11,8.8,18.51,47631.84,26337.95,37167.47,20.07,11.26,14.9,559.0,wind
27.21,7.31,18.17,45741.73,20253.76,34549.5,31.07,16.05,25.23,489.0,wind
27.65,5.7,16.25,47174.23,17149.83,32354.73,21.52,11.2,15.9,999.0,wind
20.63,2.26,12.43,39491.15,6878.17,26899.06,31.1,14.79,22.2,254.0,wind
27.78,5.39,16.94,47744.78,17740.45,33660.87,24.89,15.43,18.73,711.0,wind
22.62,6.95,16.29,40368.57,23469.85,33502.69,34.35,19.57,27.61,1275.0,wind
28.44,11.72,20.34,43279.41,30010.14,36834.36,34.16,19.1,25.58,1668.0,wind
27.42,6.27,17.63,47051.55,18280.46,34233.4,30.86,18.05,25.06,471.0,wind
24.47,17.28,21.46,40250.48,30489.93,37229.27,34.48,14.55,26.19,26.0,wind
26.31,6.2,16.73,47662.62,20180.1,34913.43,34.39,16.13,22.02,262.0,wind
23.42,17.38,20.08,40867.51,30927.28,36607.01,33.74,17.87,25.98,182.0,wind
21.55,8.43,15.2,36787.73,21837.47,29045.73,20.33,13.57,17.33,30.0,wind
28.05,4.69,16.21,49060.19,13305.75,32996.24,23.98,13.76,18.84,1043.0,wind
28.1,6.37,17.77,48975.27,19658.74,35708.39,27.9,13.36,20.9,1016.0,wind
21.48,3.35,12.63,38099.59,12120.53,25351.23,29.82,18.79,24.42,11.0,wind
24.94,17.13,20.95,41304.8,34085.79,37431.61,34.57,15.52,25.27,712.0,wind
20.46,4.58,13.47,36650.96,15118.12,27433.17,26.0,14.97,20.58,105.0,wind
20.79,1.56,10.49,42406.15,8635.74,24439.22,32.83,19.37,25.62,96.0,wind
26.41,9.84,18.94,45358.2,23910.75,35428.27,32.07,21.18,26.62,622.0,wind
20.55,2.5,11.83,39384.21,7904.61,26285.0,34.44,18.87,25.75,230.0,wind
27.38,5.7,16.11,46295.02,16377.37,31649.29,17.62,8.51,13.17,1259.0,wind
27.58,9.5,19.34,48607.16,26858.0,37993.3,23.93,11.77,16.62,793.0,wind
23.25,6.79,14.77,42387.59,22417.29,31017.48,26.84,15.5,21.28,15.0,wind
29.82,7.43,19.21,49411.52,19586.34,36674.96,17.87,9.86,13.09,89.0,wind
15.65,0.88,8.13,29956.1,4110.49,18390.94,28.76,15.55,22.57,461.0,wind
23.54,4.7,14.45,43994.84,14784.28,28790.58,25.17,12.24,19.25,586.0,wind
27.76,3.49,16.03,49787.78,11178.18,32822.45,21.04,11.8,16.47,572.0,wind
23.58,6.42,14.65,40086.89,20556.5,29068.66,30.87,23.17,26.63,45.0,wind
24.89,18.44,21.97,40706.11,30750.4,37088.88,35.07,15.94,27.45,0.0,wind
20.84,8.69,14.74,38099.58,17353.18,26931.24,22.03,15.22,18.35,10.0,wind
21.15,2.42,11.97,39801.16,8835.7,26465.4,32.63,16.49,23.71,65.0,wind
22.44,7.62,16.23,39483.17,25424.3,33090.33,30.91,13.38,23.73,1421.0,wind
25.86,8.24,16.43,42570.1,19443.48,30822.6,43.76,20.17,25.61,120.0,wind
21.86,3.75,13.13,42438.0,13332.89,28546.4,29.63,16.92,22.85,35.0,wind
27.61,6.77,16.92,46576.78,19693.51,33229.45,21.62,13.25,16.83,872.0,wind
21.86,2.71,12.59,43249.7,7781.63,27314.36,32.15,15.69,23.42,149.0,wind
21.44,6.36,14.85,38502.16,23959.31,32442.94,26.25,17.75,21.77,141.0,wind
20.97,6.14,14.89,37792.61,22939.16,32641.23,26.23,17.36,21.71,137.0,wind
25.62,5.94,16.1,44771.35,18757.68,31724.08,23.16,11.48,16.6,1464.0,wind
24.25,14.65,19.65,40373.28,28059.78,34583.56,39.97,9.56,22.83,127.0,wind
17.69,1.97,9.67,32422.28,9798.74,22236.03,32.81,19.66,24.9,388.0,wind
27.26,6.75,16.6,45838.94,19549.8,31825.24,22.08,14.33,17.5,898.0,wind
27.83,6.71,16.84,47337.32,19823.03,33452.8,16.83,9.51,12.67,1115.0,wind
18.38,1.28,10.07,37620.05,7895.72,23785.87,33.85,17.55,25.09,28.0,wind
25.11,12.71,16.94,43936.95,23881.02,30120.71,22.24,14.85,19.32,184.0,wind
24.37,12.62,19.17,41188.52,13757.14,33303.15,37.76,16.67,22.69,870.0,wind
25.52,10.62,19.17,44899.01,21620.39,34595.0,30.55,19.54,23.8,140.0,wind
27.06,15.23,20.74,40583.37,27144.33,34916.24,36.64,14.32,25.83,767.0,wind
20.08,2.99,12.02,37855.68,11519.71,25866.14,34.14,18.81,25.8,268.0,wind
25.07,7.67,15.69,41772.81,18260.2,29817.65,38.48,20.8,25.76,12.0,wind
22.25,6.79,14.5,39188.69,22837.53,30248.16,24.79,14.72,19.82,204.0,wind
24.7,5.57,16.42,45928.73,17472.81,33120.97,33.12,16.97,25.24,435.0,wind
25.21,7.53,15.74,41394.37,18065.51,29933.16,38.56,21.41,26.3,10.0,wind
23.84,4.62,15.39,45000.0,10132.17,30321.24,29.88,11.28,24.16,211.0,wind
22.92,5.1,14.32,42991.14,14026.72,29049.28,27.8,14.27,22.55,813.0,wind
25.97,5.97,17.08,47147.32,17759.93,33789.65,32.73,20.03,25.97,418.0,wind
25.77,3.81,14.9,49635.63,17203.62,32401.17,29.29,14.77,19.96,1125.0,wind
24.32,4.62,14.38,46909.12,15395.06,29088.11,21.55,11.18,16.9,364.0,wind
27.83,6.86,17.05,46593.56,18649.47,32739.9,23.48,14.49,18.11,884.0,wind
20.48,2.16,10.94,39554.98,8702.03,23986.63,34.88,19.36,25.25,150.0,wind
28.83,9.98,19.94,46921.77,28540.43,38197.13,16.08,10.68,12.73,284.0,wind
22.96,7.91,16.71,40785.07,25664.32,33349.59,32.7,19.78,26.54,1369.0,wind
24.94,17.13,20.95,41304.8,34085.79,37431.61,34.57,15.52,25.27,684.0,wind
24.66,5.16,16.04,46441.19,17950.06,32740.57,33.09,20.72,27.02,583.0,wind
24.2,3.86,13.79,45992.74,15806.47,29891.97,36.33,19.83,27.04,18.0,wind
17.43,0.8,9.64,36701.76,6688.65,22888.44,44.74,25.49,34.85,165.0,wind
29.73,6.22,18.95,46408.28,9652.54,34898.37,38.45,13.0,17.0,228.0,wind
23.62,5.45,15.61,41951.88,14589.5,30910.31,29.97,17.18,23.92,239.0,wind
23.71,4.13,14.24,42837.07,8427.6,28049.24,27.27,9.96,22.04,199.0,wind
23.53,5.06,15.72,43934.1,15788.16,31795.23,32.75,18.93,25.07,377.0,wind
25.37,13.5,19.25,42649.61,18578.21,34365.23,34.14,16.25,23.55,117.0,wind
28.0,7.42,18.14,49084.69,25340.27,36094.39,39.32,13.39,28.5,1720.0,wind
23.07,7.04,16.21,40762.35,24032.9,33351.85,31.47,18.2,25.54,1337.0,wind
26.28,5.92,17.1,47099.5,17778.23,33992.42,32.67,19.46,25.41,413.0,wind
22.29,7.38,15.56,41151.55,19842.36,30079.46,27.23,15.68,21.58,35.0,wind
26.28,4.99,15.37,48535.2,19631.96,32473.17,31.08,20.71,26.87,687.0,wind
27.38,6.99,17.54,48254.57,20625.17,35927.36,27.79,14.61,21.34,343.0,wind
20.6,2.84,12.12,40290.35,9809.86,26246.55,31.55,15.71,23.39,195.0,wind
27.78,11.87,20.05,45336.06,25189.35,36117.57,32.64,24.38,27.65,773.0,wind
20.64,3.21,12.41,38494.37,12391.65,27011.68,29.65,16.79,23.26,84.0,wind
22.93,7.85,16.78,40749.05,25810.66,33680.94,33.63,20.27,27.1,1329.0,wind
21.65,2.07,11.86,42160.84,8371.84,26611.84,37.64,19.45,27.45,6.0,wind
26.21,10.76,19.72,45166.44,25112.78,36681.64,34.04,22.29,28.25,982.0,wind
27.96,8.24,18.73,46788.22,26687.84,37598.87,22.34,11.41,15.29,714.0,wind
25.4,7.29,17.27,44265.23,22931.7,34244.15,33.06,21.44,26.03,114.0,wind
24.07,15.96,20.47,41371.19,30157.67,36230.28,39.95,14.45,27.58,5.0,wind
26.21,10.33,19.59,45272.28,25106.22,36476.52,33.21,17.19,28.02,1078.0,wind
21.47,5.81,14.49,39123.52,21951.64,32003.33,25.54,17.91,21.22,135.0,wind
27.46,9.52,19.23,48261.62,26935.86,37751.95,24.38,10.43,16.34,685.0,wind
20.75,3.29,12.44,38359.28,12528.6,26773.9,30.79,17.61,23.72,78.0,wind
25.48,15.26,20.49,41316.75,33425.27,36610.92,32.99,17.4,25.63,799.0,wind
28.19,9.0,18.72,43588.28,23619.29,35117.98,24.5,14.18,20.82,603.0,wind
25.84,9.29,18.64,44098.29,24675.49,35601.7,38.53,12.15,21.26,1277.0,wind
20.72,4.42,13.49,38607.05,15700.5,27857.33,25.18,13.7,20.52,234.0,wind
21.05,2.89,12.27,40474.68,11041.13,27093.27,32.49,16.0,23.5,25.0,wind
24.44,12.3,18.6,41145.89,27009.53,33538.96,22.26,6.7,12.49,2803.0,wind
18.28,1.07,9.51,37169.02,5660.04,23117.1,32.87,19.65,27.08,166.0,wind
24.44,4.19,14.6,43255.18,7537.57,27775.7,28.48,11.99,22.35,186.0,wind
27.88,3.33,16.01,49953.34,9608.07,32698.47,26.45,11.58,18.21,288.0,wind
23.89,2.11,12.59,43694.52,9472.06,27730.37,46.99,19.34,33.94,0.0,wind
27.88,3.33,15.81,49953.34,9608.07,32334.19,26.45,11.58,18.28,302.0,wind
18.16,1.08,9.52,36615.63,6363.42,22887.58,29.81,17.14,23.37,154.0,wind
26.52,11.28,20.14,45150.26,27145.23,36823.79,30.31,20.11,25.17,964.0,wind
24.26,5.24,15.92,47697.33,17487.4,32942.95,33.04,18.26,26.43,554.0,wind
24.14,11.68,19.13,42320.11,11522.63,33173.45,33.32,12.87,18.65,1088.0,wind
27.01,11.31,19.76,45619.15,26714.47,36008.46,30.32,20.38,24.77,638.0,wind
26.97,10.15,18.18,41116.01,28142.93,33970.78,32.32,19.96,24.8,805.0,wind
26.58,9.87,19.29,46428.9,24877.1,36076.85,31.63,18.85,27.25,1020.0,wind
21.55,1.95,11.55,43915.0,9472.81,26721.1,36.04,18.1,26.33,0.0,wind
25.71,14.67,20.44,41361.74,32760.49,35816.27,30.37,15.6,22.85,1129.0,wind
22.5,6.71,14.58,40318.6,23055.38,30668.86,28.33,16.14,23.01,271.0,wind
25.69,7.8,15.94,41877.16,18654.54,30167.76,36.8,21.16,25.96,13.0,wind
24.03,4.95,14.87,44948.44,16250.6,30326.76,30.52,20.77,25.68,19.0,wind
26.41,14.48,20.4,41779.16,29095.71,35348.85,25.61,13.64,19.35,717.0,wind
30.34,8.57,20.31,48987.46,24083.96,37896.38,19.62,12.83,15.29,79.0,wind
31.51,8.46,19.23,47281.04,23858.31,35815.18,27.6,18.71,22.98,43.0,wind
24.31,5.64,16.09,42656.24,15315.25,32035.32,29.45,15.52,23.32,224.0,wind
26.13,4.86,16.07,47734.0,16856.55,33353.41,31.59,20.45,25.65,582.0,wind
27.54,8.55,18.83,45525.45,25639.21,36708.13,36.35,19.07,26.47,135.0,wind
20.92,4.29,13.67,34485.44,13680.32,25013.13,35.48,20.86,26.71,40.0,wind
23.82,16.25,20.32,41746.14,30835.84,36987.2,20.07,10.33,15.25,766.0,wind
20.63,2.26,12.43,39491.15,6878.17,26899.06,31.1,14.79,22.2,218.0,wind
24.87,8.8,17.01,45160.81,23326.51,33149.88,23.43,17.03,19.99,3.0,wind
21.89,10.08,16.85,36462.96,24877.35,31497.26,26.76,16.16,21.91,2050.0,wind
23.89,4.24,14.39,41527.35,12908.52,27884.25,25.92,16.42,20.79,547.0,wind
21.8,7.65,15.51,43426.02,21744.24,30555.13,27.23,15.63,21.9,7.0,wind
27.9,6.55,17.22,46901.88,20404.54,33662.61,25.62,16.88,20.85,964.0,wind
16.34,1.33,9.3,34085.1,7041.56,21843.25,33.0,19.94,26.14,171.0,wind
20.23,2.2,11.48,39901.78,8061.57,25059.83,34.27,19.01,25.23,148.0,wind
18.99,1.18,9.95,38539.47,7079.85,23537.05,34.66,18.7,26.09,13.0,wind
25.92,10.47,17.62,43148.63,19621.24,31106.84,23.08,14.12,18.07,39.0,wind
24.39,5.65,15.81,44493.72,11137.87,29731.23,24.5,12.12,18.6,850.0,wind
24.46,1.75,11.21,44761.51,6700.54,23186.18,30.23,12.35,20.68,300.0,wind
24.4,8.61,16.08,40625.16,18518.35,29562.96,45.23,21.22,29.38,10.0,wind
23.44,4.01,13.92,42965.63,9376.74,26682.24,25.05,8.53,19.72,494.0,wind
27.2,18.15,21.69,40611.54,32264.3,37157.69,41.64,15.35,28.8,765.0,wind
28.39,8.47,18.93,47897.12,23946.5,35870.87,23.75,11.91,16.79,1403.0,wind
21.67,3.47,12.78,40966.92,13357.16,25973.31,36.75,23.04,28.79,14.0,wind
26.06,4.48,15.79,48571.08,15652.08,33799.14,27.59,18.05,21.98,44.0,wind
26.41,10.9,19.85,45453.2,25187.38,36797.53,33.7,23.59,28.08,972.0,wind
26.1,7.11,17.36,44881.26,22553.44,34764.72,32.61,20.34,24.98,287.0,wind
23.18,4.44,13.71,41495.16,14845.83,27967.0,31.86,11.62,23.72,436.0,wind
21.78,7.02,15.62,39876.71,24896.92,32958.87,30.29,10.79,21.83,799.0,wind
28.35,5.74,17.26,48053.43,18606.48,33547.65,26.6,15.47,20.86,756.0,wind
29.04,8.71,19.64,47439.13,24432.45,38145.49,32.89,18.48,23.91,205.0,wind
25.84,6.65,16.67,48039.67,20051.26,35211.31,20.71,8.22,13.64,803.0,wind
16.85,1.02,8.74,32814.88,6006.65,20285.29,30.64,18.27,24.45,354.0,wind
27.27,17.29,21.39,40635.28,32058.47,36769.53,42.27,15.72,28.81,768.0,wind
22.08,3.66,12.91,40280.12,12754.11,28019.26,29.0,17.63,22.73,14.0,wind
22.66,3.69,13.23,42959.62,11433.13,26130.84,27.48,17.35,21.94,920.0,wind
23.65,0.88,10.78,51008.59,3127.25,26477.21,32.26,18.99,25.03,1.0,wind
19.96,1.09,10.51,42947.38,7436.8,25554.83,34.46,20.72,27.0,119.0,wind
17.58,1.02,9.33,35772.07,4877.29,21654.32,34.31,19.63,27.31,281.0,wind
26.43,8.19,16.28,42960.5,21038.61,30513.76,40.59,19.83,24.47,153.0,wind
24.29,5.35,15.87,42126.41,14980.21,31915.2,29.45,15.73,23.44,207.0,wind
22.35,4.63,14.42,42664.77,20208.13,33158.54,25.6,15.37,21.98,685.0,wind
23.38,7.11,15.48,41631.73,22538.67,31681.85,30.41,17.92,23.94,10.0,wind
21.85,4.27,12.67,37902.51,17678.11,28401.03,29.38,8.05,23.41,465.0,wind
20.34,1.94,10.98,41404.12,7644.66,24781.7,34.16,19.38,25.48,7.0,wind
21.14,2.59,12.86,40635.58,7835.92,26990.92,29.5,12.82,21.52,511.0,wind
22.82,7.9,16.35,42048.84,23608.07,32259.09,39.08,17.22,27.21,1825.0,wind
25.26,5.26,16.22,47336.79,17995.92,33184.65,32.78,19.17,25.88,533.0,wind
20.45,2.15,11.4,40213.33,8635.09,25230.61,34.65,18.77,25.27,54.0,wind
25.0,11.69,16.16,44209.53,22773.36,28971.57,19.78,12.77,17.17,14.0,wind
27.28,5.5,16.14,46230.3,16599.87,31534.6,14.33,8.7,11.17,1317.0,wind
24.28,4.11,15.02,42340.18,10720.1,29163.38,28.08,12.33,23.09,193.0,wind
25.69,8.78,18.8,43943.55,23735.96,35031.21,34.97,20.13,28.89,711.0,wind
23.73,4.34,13.9,41609.6,14186.76,27200.96,26.88,8.78,20.09,440.0,wind
21.9,7.25,15.67,39622.29,18705.44,30662.34,22.72,14.88,19.57,107.0,wind
17.52,1.93,9.68,31448.59,9831.11,21606.88,32.02,19.85,24.43,102.0,wind
19.08,1.49,10.3,38056.02,6122.85,22675.22,36.84,21.15,27.47,313.0,wind
24.67,6.67,15.31,41176.46,20296.85,29952.6,26.36,19.28,22.04,250.0,wind
20.15,2.82,11.8,38006.0,10271.18,24789.19,32.54,17.26,24.83,246.0,wind
22.79,1.88,11.84,45907.39,9728.19,27529.85,44.64,25.6,32.85,0.0,wind
21.12,2.38,12.71,42988.82,7930.48,27050.51,29.77,14.1,21.63,401.0,wind
26.86,7.79,17.24,42808.52,23260.54,33107.59,26.25,18.89,22.2,178.0,wind
23.83,3.44,14.19,43183.94,5308.05,27136.87,29.17,10.6,22.65,228.0,wind
27.38,6.15,16.38,46364.04,19390.47,32344.75,18.4,10.51,14.29,1170.0,wind
25.46,7.22,15.71,42579.24,19897.87,29981.37,43.23,22.28,26.56,325.0,wind
27.36,8.25,18.06,47775.43,25247.66,36753.66,23.97,10.12,15.78,1024.0,wind
24.1,8.21,16.33,38752.39,16988.91,29667.95,46.84,21.87,27.21,336.0,wind
16.69,1.24,9.1,31728.53,6489.45,20691.63,32.77,21.09,26.82,209.0,wind
24.63,5.59,16.36,45402.4,18511.72,33147.32,33.15,18.04,25.57,486.0,wind
19.83,1.81,10.65,40112.04,8436.43,24710.33,36.11,19.68,26.84,112.0,wind
19.17,1.39,10.03,38902.28,7210.56,23291.84,35.2,17.82,26.46,187.0,wind
26.76,7.38,17.5,45169.11,23184.5,34433.8,38.4,18.99,24.67,333.0,wind
26.32,9.79,18.92,45272.53,23915.71,35495.14,32.09,20.26,26.14,560.0,wind
27.56,6.37,17.83,47139.58,17998.7,34090.4,30.83,17.14,24.88,506.0,wind
20.13,2.61,12.4,40970.7,7909.76,26682.11,32.68,17.64,23.85,145.0,wind
17.83,1.07,9.3,34471.26,5468.91,21502.14,30.0,16.86,23.49,378.0,wind
23.29,4.38,13.71,42028.34,14909.5,27796.01,29.22,10.62,21.83,667.0,wind
27.38,6.15,16.38,46364.04,19390.47,32344.75,18.4,10.51,14.29,1070.0,wind
23.12,8.54,14.71,42033.48,13610.28,26441.29,21.89,12.11,16.22,519.0,wind
22.68,7.37,16.46,41715.97,25092.2,33584.1,29.96,16.53,24.72,1136.0,wind
22.79,1.57,12.15,45549.41,8153.16,28088.21,46.53,22.65,34.86,0.0,wind
30.61,11.01,20.72,48504.62,29203.27,38226.08,24.73,11.13,19.47,816.0,wind
28.11,6.71,17.37,47145.03,20883.24,34090.47,25.7,17.47,21.96,839.0,wind
24.11,10.18,16.84,38541.56,16203.69,28482.35,32.43,15.14,23.29,1099.0,wind
28.77,7.92,18.97,48221.97,23550.72,36485.79,39.85,19.97,29.65,2064.0,wind
21.13,8.89,14.93,36588.66,21579.9,29482.37,18.11,9.9,15.0,316.0,wind
19.53,1.34,9.81,38797.92,6711.85,22453.58,34.24,19.15,25.52,259.0,wind
23.98,4.72,15.5,45000.0,11192.71,30780.96,30.64,12.7,25.04,195.0,wind
19.45,1.27,9.74,40124.5,7201.78,22849.95,30.84,17.61,25.02,143.0,wind
22.75,7.9,16.3,39658.55,25553.16,32981.73,32.46,17.62,25.35,1500.0,wind
30.92,10.53,21.05,45981.18,27484.88,38030.42,28.69,20.52,25.52,221.0,wind
25.45,14.58,20.05,41560.05,30416.78,35964.1,29.32,17.35,23.77,939.0,wind
21.01,1.56,10.58,41966.51,8491.12,24399.46,34.5,20.07,26.78,152.0,wind
27.04,7.93,18.49,47658.95,24993.74,36086.78,30.16,20.07,24.76,1639.0,wind
23.98,4.02,14.05,45895.66,16267.66,30148.54,33.48,18.14,24.79,19.0,wind
22.72,7.43,15.62,41161.92,24859.13,32770.16,32.4,16.85,25.74,780.0,wind
27.99,6.8,17.47,48360.25,19858.54,34214.94,30.38,18.28,23.0,1204.0,wind
22.95,1.64,12.52,44640.43,5910.06,27440.9,29.04,13.79,21.67,104.0,wind
21.22,6.03,14.91,38637.47,23650.06,33288.71,25.58,17.75,21.74,223.0,wind
22.75,7.9,16.3,39658.55,25553.16,32981.73,32.46,17.62,25.35,1544.0,wind
20.41,8.86,14.61,36199.25,16790.9,26506.91,22.06,15.55,18.87,167.0,wind
23.49,4.11,14.01,42286.57,9671.48,26302.62,26.38,9.8,21.2,651.0,wind
25.44,15.98,20.78,41247.53,33511.91,36928.18,33.24,17.24,26.56,800.0,wind
25.1,5.55,16.35,47417.6,18312.57,33144.63,32.04,15.17,24.52,461.0,wind
22.4,7.85,16.72,39721.81,25430.6,33899.17,30.49,20.64,25.99,1426.0,wind
16.69,1.24,9.22,32243.22,6489.45,21165.0,32.77,21.09,27.24,240.0,wind
21.86,2.71,12.59,43249.7,7781.63,27314.36,32.15,15.69,23.42,148.0,wind
27.22,9.13,18.48,46237.35,26219.05,36030.41,26.48,15.39,21.36,491.0,wind
21.32,5.95,13.9,39646.45,17137.37,30287.61,29.54,15.9,21.64,246.0,wind
21.95,1.27,11.47,45057.5,5801.65,26907.63,38.54,15.66,28.96,0.0,wind
23.13,5.4,14.73,41181.36,14852.21,28864.15,26.98,14.75,21.68,431.0,wind
19.57,2.23,11.57,39809.52,8325.16,25047.58,34.87,18.06,25.29,68.0,wind
23.39,3.46,13.44,44483.61,15324.73,28423.82,27.14,15.28,22.88,128.0,wind
19.58,2.02,11.52,37619.65,6450.27,24077.79,33.2,15.4,24.57,138.0,wind
27.03,11.43,20.25,45233.63,27204.32,36707.63,30.43,20.36,25.1,924.0,wind
25.33,15.2,19.68,41617.57,24367.64,35225.94,37.65,19.7,26.61,5.0,wind
22.48,6.73,14.62,41081.02,24118.96,30794.99,28.03,17.42,23.2,208.0,wind
22.28,9.64,16.68,38032.5,24027.06,31192.29,27.08,17.43,22.38,1855.0,wind
21.06,2.09,11.49,42954.07,9313.65,26573.98,34.26,17.25,24.77,2.0,wind
21.52,1.7,12.17,42656.75,6672.3,27800.88,30.25,15.51,22.11,136.0,wind
23.5,1.34,12.1,47942.37,4265.95,27270.5,28.39,13.17,21.99,80.0,wind
29.78,6.16,18.98,45820.34,12836.93,35208.96,35.53,17.98,23.96,113.0,wind
22.99,8.45,16.42,39938.7,23898.3,32266.16,26.39,11.03,18.61,1549.0,wind
26.79,9.05,18.47,46445.21,27202.32,36527.53,35.63,21.91,28.58,18.0,wind
21.92,6.48,15.11,41279.29,24467.87,33190.37,27.48,15.68,22.89,232.0,wind
23.79,18.09,20.76,41311.64,32015.23,37735.67,33.06,18.0,26.11,91.0,wind
31.05,9.71,20.64,48610.54,24748.52,37216.15,33.45,12.8,22.95,1214.0,wind
27.23,16.43,21.02,40669.61,32788.1,36549.35,40.2,15.83,27.48,778.0,wind
24.11,6.66,14.93,40482.09,22729.95,30248.22,27.5,20.97,23.69,19.0,wind
28.0,5.84,16.7,49345.68,19212.84,34264.39,30.0,16.47,22.97,860.0,wind
23.82,5.88,16.06,42254.37,15775.44,31973.87,29.23,15.43,22.86,231.0,wind
24.28,6.08,17.88,42500.06,2435.95,32318.57,29.19,13.89,18.99,568.0,wind
27.32,7.7,18.51,46684.04,24626.88,37091.53,29.6,19.13,24.4,279.0,wind
22.5,7.9,16.11,38343.1,24487.47,32278.81,30.16,12.68,21.03,1510.0,wind
20.24,1.54,10.31,41250.14,8221.05,23645.73,33.53,19.17,25.78,66.0,wind
17.11,1.4,9.36,32693.84,7080.97,21834.18,32.95,19.1,25.07,42.0,wind
24.7,8.32,16.0,40613.96,17615.89,29482.26,26.66,19.86,23.7,1.0,wind
26.65,11.03,19.98,45309.34,25276.18,36427.21,33.27,23.35,28.03,928.0,wind
27.38,6.15,16.38,46364.04,19390.47,32344.75,18.4,10.51,14.29,1166.0,wind
27.16,16.26,21.01,40648.09,32571.94,36662.23,38.61,15.18,27.11,757.0,wind
22.56,7.18,15.6,39560.59,18852.67,30604.96,26.02,16.78,21.33,140.0,wind
25.72,11.33,17.07,43703.15,24698.32,30707.15,36.42,20.3,29.13,32.0,wind
22.73,8.57,16.33,39546.85,25609.07,32516.22,25.55,11.23,17.48,1514.0,wind
24.47,5.47,16.21,47181.33,18631.26,33200.97,32.76,17.66,25.54,445.0,wind
20.71,3.06,12.3,37837.01,11901.9,25761.54,30.23,17.67,23.74,153.0,wind
27.09,6.26,16.95,47241.9,17286.95,33505.6,32.46,20.68,26.92,541.0,wind
25.71,14.08,20.34,41457.31,18509.82,34726.89,33.61,16.77,21.22,662.0,wind
20.88,2.13,12.25,38048.61,6081.0,25162.28,32.62,15.12,23.39,328.0,wind
28.13,6.68,17.39,47092.45,20665.14,33852.58,25.45,17.81,21.79,959.0,wind
24.5,12.79,19.67,40608.37,16427.83,33597.59,36.25,15.85,22.35,774.0,wind
23.65,17.74,20.46,41085.02,30566.45,36714.24,34.2,18.68,27.18,134.0,wind
23.04,7.08,15.42,40973.55,22362.74,31976.82,26.55,12.1,21.56,42.0,wind
23.84,3.44,14.19,43206.66,5595.83,27141.11,30.29,10.77,23.29,231.0,wind
27.55,6.82,16.7,47016.48,19726.76,32863.03,20.06,10.87,15.16,1076.0,wind
23.83,6.01,14.83,46223.38,16939.36,29872.59,26.04,19.54,22.02,151.0,wind
18.21,0.92,9.93,41110.18,7430.52,24359.58,38.86,18.3,29.31,49.0,wind
24.89,5.59,15.63,43783.69,10003.24,30047.91,31.23,17.11,23.42,848.0,wind
20.16,5.11,13.26,37956.53,19426.49,29796.66,23.17,15.04,19.5,225.0,wind
16.75,1.56,9.46,33277.49,7870.77,21414.14,35.8,19.29,27.28,219.0,wind
27.63,7.04,18.05,46592.59,19666.59,36113.98,21.19,10.67,15.12,1199.0,wind
18.53,1.14,9.56,36259.0,6391.81,22252.04,31.25,19.01,24.7,332.0,wind
23.68,17.94,20.49,41041.07,31579.56,37270.27,34.19,17.66,27.03,80.0,wind
25.73,4.38,15.52,47614.5,17904.07,33470.43,39.12,15.87,24.69,600.0,wind
24.08,17.9,21.3,41500.86,34489.55,38082.49,32.2,18.36,24.05,6.0,wind
24.08,17.9,21.3,41500.86,34489.55,38082.49,32.2,18.36,24.05,33.0,wind
29.04,13.38,21.24,45931.23,32971.58,39133.56,32.78,17.84,28.0,888.0,wind
24.08,17.9,21.3,41500.86,34489.55,38082.49,32.2,18.36,24.05,54.0,wind
21.33,3.03,12.47,40198.94,9942.63,26088.29,27.77,17.2,21.84,157.0,wind
29.8,10.96,20.74,46226.23,27843.33,37970.63,27.21,11.11,21.44,1783.0,wind
27.36,10.52,19.44,45877.02,24896.84,36011.78,30.48,23.06,25.72,454.0,wind
26.88,7.39,17.51,42347.04,19470.91,32492.5,32.24,17.72,24.1,931.0,wind
27.46,6.1,17.37,47516.26,17846.82,33764.61,32.02,19.98,26.41,603.0,wind
23.46,3.84,13.8,43867.82,11504.19,27209.01,22.15,10.09,17.96,417.0,wind
24.67,5.96,15.94,46782.76,14017.77,31594.82,30.51,15.81,22.59,753.0,wind
26.72,11.17,20.11,45579.24,26429.97,36765.74,31.57,22.23,26.3,966.0,wind
27.4,8.19,18.44,45318.52,24904.68,35771.36,25.52,18.16,21.29,117.0,wind
21.91,8.14,15.34,37411.46,21952.01,29750.26,24.73,13.94,19.93,228.0,wind
20.31,1.09,10.69,44899.95,7623.18,26412.58,33.77,19.85,26.59,76.0,wind
20.79,1.82,11.1,42099.94,8196.3,25430.41,35.54,19.45,26.29,77.0,wind
16.01,1.43,8.89,31369.15,6714.16,20079.37,31.77,19.34,25.03,246.0,wind
24.22,5.19,16.0,47383.37,17275.69,32691.18,32.89,18.4,26.49,550.0,wind
23.83,6.01,14.83,46223.38,16939.36,29872.59,26.04,19.54,22.02,178.0,wind
19.89,2.18,11.63,37915.03,7924.79,24985.22,30.74,14.56,22.99,122.0,wind
21.97,3.5,12.97,42552.74,13330.1,26866.97,24.79,14.66,20.58,577.0,wind
24.86,17.93,21.75,40479.3,29503.32,37185.23,37.15,15.09,28.06,2.0,wind
27.24,9.06,18.31,42309.55,21129.69,33019.93,11.09,4.57,6.93,1554.0,wind
28.11,8.17,18.43,46790.09,24170.78,35888.43,21.51,11.82,14.59,120.0,wind
26.14,4.67,15.12,49248.74,19616.95,32375.76,27.9,18.73,24.38,505.0,wind
30.94,9.86,20.91,48529.95,25589.83,37888.73,28.87,14.58,20.09,1262.0,wind
22.61,8.06,16.06,40238.0,24299.59,32281.95,32.6,13.39,21.49,1800.0,wind
27.93,4.39,16.97,48845.32,12404.52,33196.47,20.31,8.51,14.84,1289.0,wind
20.76,3.3,12.44,38571.46,12736.88,26965.27,30.15,16.94,23.26,101.0,wind
20.96,3.32,12.53,39255.54,12852.92,27504.81,30.82,17.85,23.82,147.0,wind
26.16,5.99,16.6,47078.15,19097.18,33657.91,31.07,20.62,25.05,519.0,wind
22.76,7.92,16.49,42514.06,24817.99,33386.97,32.52,17.04,25.42,1503.0,wind
19.87,1.45,10.09,39692.47,6686.38,22183.52,36.75,22.03,27.87,213.0,wind
22.43,6.62,14.48,40714.05,22773.7,30579.01,28.67,17.12,23.36,202.0,wind
20.39,2.01,11.63,37501.37,6665.49,24471.53,31.15,15.08,22.56,230.0,wind
21.72,3.67,13.04,42108.87,12547.25,28319.73,30.67,17.76,23.68,112.0,wind
23.74,5.11,15.8,43795.04,15898.75,31860.52,32.72,18.63,24.96,380.0,wind
25.14,3.5,14.49,48319.69,9346.52,28507.47,25.21,12.02,20.37,127.0,wind
21.83,8.43,15.96,37105.03,22967.42,31277.09,29.97,19.44,23.97,1223.0,wind
22.13,9.54,16.27,36264.05,21429.54,30670.46,24.4,15.54,20.91,1533.0,wind
24.01,12.07,18.72,41796.96,26762.74,34432.48,25.09,6.52,13.96,2319.0,wind
22.54,14.04,18.43,40534.7,21451.15,33888.61,14.38,5.39,9.76,3662.0,wind
24.46,5.21,16.03,47631.65,18066.55,32634.51,33.05,19.02,26.67,557.0,wind
20.71,1.2,10.47,47182.0,7929.73,25312.92,28.48,16.79,23.3,163.0,wind
26.91,17.18,21.78,41128.17,34756.23,38425.91,33.99,14.19,24.6,698.0,wind
24.85,4.67,14.86,44857.18,15701.26,30559.92,33.13,19.4,25.8,1155.0,wind
20.52,6.07,13.58,37389.41,17869.14,29095.2,25.53,15.25,20.13,169.0,wind
18.7,1.03,9.69,43325.56,6877.9,23878.39,27.33,15.76,21.92,265.0,wind
23.56,3.73,14.76,44872.59,6838.63,28884.04,29.27,12.49,23.29,215.0,wind
20.78,2.33,12.3,38178.98,7063.38,26526.4,32.18,13.89,22.58,124.0,wind
20.88,1.92,11.82,39144.53,5445.21,24957.46,30.84,12.34,22.19,275.0,wind
20.71,1.38,10.45,43109.01,7920.89,24560.48,34.68,19.33,25.59,25.0,wind
24.47,18.51,21.38,41421.42,31051.0,38143.64,32.81,18.91,27.57,7.0,wind
28.17,3.02,15.9,49966.28,8100.69,31967.6,25.19,11.65,17.55,415.0,wind
23.44,4.08,14.3,45530.11,12529.1,29103.61,26.81,11.39,19.38,1047.0,wind
22.54,4.42,13.51,41366.95,15291.55,27319.41,29.94,11.46,22.48,476.0,wind
24.75,12.39,18.37,39775.92,27040.24,31922.33,19.03,8.45,12.7,3579.0,wind
19.81,1.95,11.1,38939.23,7144.35,25038.7,33.3,17.18,24.62,6.0,wind
26.2,6.11,16.71,47674.04,19923.2,34913.06,35.89,17.27,22.49,264.0,wind
23.43,10.01,18.5,40042.66,6071.54,33582.93,30.14,17.64,21.23,320.0,wind
21.02,1.89,11.2,42144.24,8277.05,25778.59,36.19,19.31,26.35,20.0,wind
24.55,5.61,16.2,44111.46,18139.11,32727.5,33.2,18.83,25.54,442.0,wind
20.92,3.35,12.59,39600.87,12282.14,27403.43,28.93,17.26,23.09,59.0,wind
21.78,6.59,15.05,38936.21,23481.78,32486.04,27.61,15.9,22.88,150.0,wind
23.89,17.94,20.71,41076.82,31325.09,37341.5,33.79,17.87,26.7,78.0,wind
22.29,7.01,15.54,38423.69,18528.66,30579.45,24.03,15.4,20.98,127.0,wind
23.97,11.21,17.07,39917.1,24237.91,30778.82,36.37,19.83,24.84,1229.0,wind
21.94,4.04,13.4,44031.66,14003.68,27131.76,31.76,21.35,25.93,30.0,wind
20.97,1.48,10.55,42818.0,8014.9,24739.78,35.04,20.05,26.72,119.0,wind
25.55,9.19,18.71,44361.17,24122.54,34978.47,33.14,18.94,26.69,601.0,wind
27.61,6.09,16.55,46634.95,19091.36,32544.35,22.57,11.0,16.84,939.0,wind
21.12,8.06,14.52,39108.07,11264.7,26684.73,27.6,14.53,19.44,195.0,wind
18.4,1.3,9.63,33514.3,5007.99,19335.89,35.2,17.21,25.14,431.0,wind
24.18,5.22,16.04,47034.42,17136.23,32531.39,32.84,18.27,26.29,573.0,wind
21.13,5.39,13.33,39549.38,18123.83,29345.47,17.47,10.17,14.52,901.0,wind
24.92,6.29,16.66,45800.84,23303.63,34776.8,41.91,24.65,31.99,1130.0,wind
19.57,1.47,10.17,37755.88,6121.22,21780.15,36.38,17.98,26.12,255.0,wind
19.85,1.08,10.47,44656.6,7344.71,25579.78,31.7,18.83,24.98,89.0,wind
20.25,1.45,10.14,40284.7,7249.57,23216.44,34.8,19.99,26.6,235.0,wind
22.81,3.53,12.87,41725.77,11540.47,27641.66,29.68,17.61,23.12,46.0,wind
26.59,5.67,16.49,48405.2,19506.38,33661.83,31.65,21.4,26.19,617.0,wind
19.85,1.08,10.42,43771.92,7344.71,25484.29,31.7,18.83,25.2,151.0,wind
21.01,1.94,11.4,41295.18,7771.89,26069.93,35.48,14.16,25.63,-1.0,wind
28.12,7.37,18.31,47198.27,21373.87,36372.23,32.51,19.24,25.17,335.0,wind
25.59,16.97,21.24,40258.71,33272.88,37512.93,35.5,15.36,24.05,1141.0,wind
22.16,2.57,12.15,41826.98,10178.85,27120.49,35.2,19.48,25.88,145.0,wind
28.99,10.88,20.48,45674.29,25282.46,37619.26,30.06,16.57,23.31,1904.0,wind
24.59,15.28,19.91,40562.26,28230.63,34316.4,35.53,10.54,21.18,120.0,wind
24.93,5.06,15.82,45351.74,16388.45,31929.13,33.17,19.56,25.58,398.0,wind
26.03,8.55,16.32,45777.79,23750.33,30804.12,31.99,15.35,26.09,295.0,wind
20.95,9.17,15.86,36337.33,26943.5,31030.76,22.23,14.81,18.35,1213.0,wind
21.46,2.28,11.97,40231.03,9105.58,26334.86,34.05,16.34,24.48,57.0,wind
29.04,8.01,19.1,48200.8,23769.89,36328.38,33.76,17.26,27.68,2092.0,wind
16.77,0.93,9.04,33622.39,6790.59,22215.65,35.49,19.5,28.14,60.0,wind
24.59,5.01,15.14,44630.27,13647.1,29871.52,26.42,11.46,20.81,553.0,wind
26.64,10.88,19.88,44653.46,25739.82,36732.04,32.97,19.98,27.52,1150.0,wind
26.67,4.93,15.79,51016.01,19477.23,33221.36,28.66,12.99,21.19,1193.0,wind
24.7,5.82,16.72,45701.24,17714.81,33472.77,33.56,17.44,25.63,422.0,wind
22.0,3.74,13.41,44392.35,14288.54,28593.16,25.83,15.76,21.33,452.0,wind
23.6,2.27,12.47,46698.63,10703.54,28785.46,43.87,21.61,31.54,0.0,wind
22.9,1.39,12.09,45584.08,6062.59,27315.32,42.21,14.84,31.89,0.0,wind
17.99,1.06,9.68,38300.75,7111.88,23524.86,31.9,18.99,25.35,236.0,wind
21.89,1.69,11.69,44210.98,7420.32,26243.12,30.43,16.84,23.25,58.0,wind
22.17,6.8,14.44,38936.07,22393.68,30321.28,26.11,14.7,20.85,108.0,wind
24.89,8.07,15.73,40151.56,27737.74,32795.37,31.16,23.88,27.32,85.0,wind
25.76,4.19,14.07,49716.02,14766.13,30295.42,26.84,18.08,23.28,241.0,wind
30.94,9.86,20.77,48529.95,25589.83,37678.41,28.87,12.48,19.96,1115.0,wind
25.67,10.52,16.79,42532.68,18366.91,28207.96,21.58,9.05,14.82,2638.0,wind
24.39,8.61,16.09,40640.76,18226.19,29516.71,35.19,19.38,26.2,16.0,wind
25.08,9.41,17.65,43109.49,22052.19,33219.89,24.71,14.47,19.0,499.0,wind
19.76,2.07,11.4,35965.88,7013.5,23166.67,32.13,12.98,24.05,235.0,wind
19.58,2.02,11.52,37619.65,6450.27,24077.79,33.2,15.4,24.57,133.0,wind
30.27,10.84,19.79,48445.49,26307.16,37105.62,14.1,7.97,10.29,574.0,wind
25.32,16.24,20.8,40219.65,32940.69,36570.62,32.81,16.16,24.59,1058.0,wind
21.08,1.8,11.12,41854.51,8009.67,25099.4,35.41,18.56,25.81,0.0,wind
26.52,6.87,16.87,44202.13,20837.52,33329.75,36.78,18.16,23.71,323.0,wind
20.9,2.87,12.29,40347.85,10653.39,27185.36,31.35,14.05,22.6,62.0,wind
24.06,0.95,11.02,50744.92,3287.67,26677.78,33.45,19.65,25.76,1.0,wind
23.65,17.74,20.46,41085.02,30566.45,36714.24,34.2,18.68,27.18,160.0,wind
17.59,1.02,9.49,32397.73,7340.11,22429.82,38.15,22.31,32.12,13.0,wind
31.02,9.74,20.82,48608.51,25238.6,37663.31,27.09,13.01,19.42,1487.0,wind
22.67,2.59,12.38,42087.14,10624.71,27260.05,36.14,15.96,25.77,44.0,wind
26.81,18.61,21.63,40347.67,32954.27,37618.81,38.4,15.54,26.06,835.0,wind
26.0,9.51,19.13,44764.31,24382.88,35694.99,34.04,19.23,28.63,903.0,wind
27.54,5.65,15.95,47268.37,15451.3,31028.2,21.07,8.15,14.9,1147.0,wind
24.16,16.23,20.7,41306.74,30587.93,37369.49,44.97,15.11,31.1,28.0,wind
16.7,0.95,8.35,32853.65,4844.71,18635.86,28.22,16.96,22.59,514.0,wind
21.04,2.36,12.67,42547.19,7919.14,26880.02,30.39,13.98,22.06,391.0,wind
26.32,5.97,17.08,47150.91,17759.93,33720.96,32.73,19.87,25.79,410.0,wind
17.76,1.06,9.13,35964.07,6026.46,21938.11,30.14,16.84,24.05,270.0,wind
28.38,7.74,18.29,48075.47,21724.49,35185.12,24.84,17.89,20.53,880.0,wind
23.63,5.91,14.83,45016.15,16613.38,29615.31,24.57,18.32,20.63,114.0,wind
22.55,7.89,16.1,38948.74,24510.33,32249.71,30.49,14.39,21.96,1465.0,wind
25.21,8.93,16.74,39386.05,19049.39,30616.51,46.32,20.33,25.81,164.0,wind
23.93,18.17,20.97,40997.45,32425.56,37752.85,32.62,15.68,25.71,60.0,wind
24.89,18.12,21.62,40659.32,29847.61,37266.01,35.4,14.44,26.57,0.0,wind
24.79,5.13,16.19,44623.89,14363.67,32019.17,29.38,16.74,23.46,268.0,wind
27.15,6.04,16.25,45862.84,19326.08,32372.75,18.48,9.97,14.32,986.0,wind
20.55,2.5,11.83,39384.21,7904.61,26285.0,34.44,18.87,25.75,213.0,wind
26.83,11.78,20.16,45362.1,26673.6,36879.37,31.44,17.99,26.08,846.0,wind
